competitionCode,teamShortName,playerName,type,note
PROD2,AGE,Akato Fakatika,INJURED,
PROD2,AGE,Arnaud Duputs,INJURED,
PROD2,AGE,Denis Marchois,INJURED,
PROD2,AGE,Florent Guion,INJURED,
PROD2,AGE,Valentin Gayraud,INJURED,
PROD2,AIX,Mathias Colombet,INJURED,
PROD2,AUR,Boris Hadinegoro,INJURED,
PROD2,AUR,Didier Tison,INJURED,
PROD2,AUR,Enzo Marzocca,INJURED,
PROD2,AUR,Gymaël Jean-Jacques,INJURED,
PROD2,AUR,Nathan Azaïs,INJURED,
PROD2,AUR,Ofa Manuofetoa,INJURED,
PROD2,AUR,Paul Dauguet,INJURED,
PROD2,AUR,Ruben Courtiès,INJURED,
PROD2,AUR,Stephan Le Roux,INJURED,
PROD2,AUR,Viliami Taulani,INJURED,
PROD2,BEZ,Tubuna Maka,INJURED,
PROD2,BIA,Adrien Sonzogni,INJURED,
PROD2,BIA,Alban Placines,INJURED,
PROD2,BIA,Arthur Bonneval,INJURED,
PROD2,BIA,Baptiste Fariscot,INJURED,
PROD2,BIA,Bastien Guillemin,INJURED,
PROD2,BIA,Carlo Mignot,INJURED,
PROD2,BIA,Dorian Laborde,SUSPENDED,
PROD2,BIA,Ekain Imaz,INJURED,
PROD2,BIA,Nicolas Elissondo,INJURED,
PROD2,BIA,Thomas Hébert,INJURED,
PROD2,BIA,Yohan Beheregaray,INJURED,
PROD2,GRE,Hugo Trouilloud,INJURED,
PROD2,GRE,James Fender,INJURED,
PROD2,GRE,Johannes Jonker,INJURED,
PROD2,GRE,Josh Thompson,INJURED,
PROD2,GRE,Julien Hériteau,INJURED,
PROD2,GRE,Romain Ruffenach,INJURED,
PROD2,MTB,Joe Powell,INJURED,
PROD2,NAR,Aphiwe Dyantyi,INJURED,
PROD2,NAR,Apisai Naqalevu,INJURED,
PROD2,NAR,Gabriel Atlan,INJURED,
PROD2,NAR,Hugo Clauzel,INJURED,
PROD2,NAR,Jeff Goufan,INJURED,
PROD2,NAR,Morrison Mabope,INJURED,
PROD2,NEV,Maxence Barjaud,INJURED,
PROD2,NEV,Rati Zazadze,INJURED,
PROD2,NEV,Tom Deleuze,INJURED,
PROD2,NIC,Guillaume Rouet,INJURED,
PROD2,NIC,Luvuyo Pupuma,SUSPENDED,
PROD2,NIC,Masivesi Dakuwaqa,SUSPENDED,
PROD2,NIC,Owen Williams,SUSPENDED,
PROD2,NIC,Pablo Patilla,SUSPENDED,
PROD2,OYO,Ali Oz,INJURED,
PROD2,OYO,Karim Qadiri,INJURED,
PROD2,OYO,Louis Bedeau,INJURED,
PROD2,OYO,Sacha Courthaliac,INJURED,
PROD2,VAL,Anatole Pauvert,INJURED,
PROD2,VAL,Gareth Milasinovich,INJURED,
PROD2,VAL,Ilia Spanderashvili,INJURED,
PROD2,VAL,Jean Ballin,INJURED,
PROD2,VAL,Loan Réal,INJURED,
TOP14,ASM,Aj Lam,INJURED,
TOP14,ASM,Cristian Ojovan,INJURED,
TOP14,ASM,Marcos Kremer,SUSPENDED,
TOP14,ASM,Pio Muarua,INJURED,
TOP14,ASM,Pita-Gus Sowakula,INJURED,
TOP14,ASM,Selevasio Tolofua,INJURED,
TOP14,ASM,Tevita Ratuva,INJURED,
TOP14,BAY,Arnaud Erbinartegaray,INJURED,
TOP14,BAY,Arthur Iturria,INJURED,
TOP14,BAY,Brian Alainu'Uese,INJURED,
TOP14,BAY,Léo Coly,INJURED,
TOP14,BAY,Pierre Castillon,INJURED,
TOP14,BAY,Rob Leota,INJURED,
TOP14,BAY,Swan Cormenier,SUSPENDED,
TOP14,BAY,Tom Spring,INJURED,
TOP14,BAY,Yohan Orabé,SUSPENDED,
TOP14,CAS,Atunaisa Sokobale,INJURED,
TOP14,CAS,Dalton Papali'I,INJURED,
TOP14,CAS,Feibyan Tukino,INJURED,
TOP14,CAS,Hamish Watson,INJURED,
TOP14,CAS,Louis Le Brun,INJURED,
TOP14,CAS,Nicolas Corato,INJURED,
TOP14,CAS,Tom Staniforth,INJURED,
TOP14,CAS,Will Collier,INJURED,
TOP14,LAR,Christophe Loustalot,INJURED,
TOP14,LAR,David Kriel,INJURED,
TOP14,LAR,George Moala,INJURED,
TOP14,LAR,Jonathan Danty,INJURED,
TOP14,LAR,Nathan Fraissenon,INJURED,
TOP14,LAR,Pierre Bourgarit,INJURED,
TOP14,LAR,Salmaan Moerat,INJURED,
TOP14,LAR,Sam Tuifua,INJURED,
TOP14,LAR,Semi Lagivala,INJURED,
TOP14,LAR,Thomas Berjon,INJURED,
TOP14,LAR,Tolu Latu,SUSPENDED,
TOP14,LAR,Ulupano Seuteni,INJURED,
TOP14,LAR,Will Skelton,INJURED,
TOP14,LOU,Avé Maalo,INJURED,
TOP14,LOU,Beka Shvangiradze,INJURED,
TOP14,LOU,Opeti Helu,INJURED,
TOP14,LOU,Paddy Jackson,INJURED,
TOP14,LOU,Sam Simmonds,INJURED,
TOP14,LOU,Thomas Marceline,INJURED,
TOP14,LOU,Théo William,INJURED,
TOP14,LOU,Tim Hoyt,INJURED,
TOP14,MHR,Auguste Cadot,INJURED,
TOP14,MHR,Gabriel N'Gandebe,INJURED,
TOP14,MHR,Jordan Uelese,INJURED,
TOP14,MHR,Langi Gleeson,INJURED,
TOP14,MHR,Lenni Nouchi,INJURED,
TOP14,MHR,Maël Perrin,INJURED,
TOP14,MHR,Mohamed Haouas,INJURED,
TOP14,MHR,Reda Wardi,INJURED,
TOP14,MHR,Sébastien Bézy,INJURED,
TOP14,PAU,Bastien Vergnes-Taillefer,INJURED,
TOP14,PAU,Clément Mondinat,INJURED,
TOP14,PAU,Gabriel Elissalde,INJURED,
TOP14,PAU,Grégoire Arfeuil,INJURED,
TOP14,PAU,Guram Papidze,INJURED,
TOP14,PAU,Jack Maddocks,INJURED,
TOP14,PAU,Jimi Maximin,INJURED,
TOP14,PAU,Joachim Senga Kouo,INJURED,
TOP14,PAU,Lucas Rey,INJURED,
TOP14,PAU,Mehdi Tlili,INJURED,
TOP14,PAU,Reece Hewat,INJURED,
TOP14,PAU,Rémi Sénéca,INJURED,
TOP14,RAC,Arthur Roche,INJURED,
TOP14,RAC,Jordan Joseph,INJURED,
TOP14,RAC,Léo Carbonneau,INJURED,
TOP14,RAC,Wame Naituvi,SUSPENDED,
TOP14,SFP,Isaac Koffi,INJURED,
TOP14,SFP,Julien Delbouis,INJURED,
TOP14,SFP,Léo Monin,INJURED,
TOP14,SFP,Moses Alo-Emile,INJURED,
TOP14,SFP,Paul Abadie,INJURED,
TOP14,SFP,Peniasi Dakuwaqa,INJURED,
TOP14,SFP,Romain Briatte,INJURED,
TOP14,SFP,Rufus Mclean,INJURED,
TOP14,TOL,Beka Gigashvili,INJURED,
TOP14,TOL,Dany Priso,INJURED,
TOP14,TOL,Gabin Villière,INJURED,
TOP14,TOL,Gaël Dréan,INJURED,
TOP14,TOL,Judicaël Cancoriet,INJURED,
TOP14,TOL,Marius Domon,INJURED,
TOP14,TOL,Matthias Halagahu,INJURED,
TOP14,TOL,Melvyn Jaminet,INJURED,
TOP14,TOL,Rabah Slimani,INJURED,
TOP14,TOL,Rayan Rebbadj,INJURED,
TOP14,TOL,Setariki Tuicuvu,INJURED,
TOP14,TOU,Anthony Jelonch,INJURED,
TOP14,TOU,Clément Vergé,INJURED,
TOP14,TOU,Emmanuel Meafou,INJURED,
TOP14,TOU,Jack Willis,INJURED,
TOP14,TOU,Léo Banos,INJURED,
TOP14,TOU,Malachi Hawkes,INJURED,
TOP14,TOU,Marceau Marzullo,INJURED,
TOP14,TOU,Mathis Castro-Ferreira,INJURED,
TOP14,TOU,Nelson Épée,INJURED,
TOP14,TOU,Paul Mallez,INJURED,
TOP14,TOU,Pierre-Louis Barassi,INJURED,
TOP14,TOU,Tommaso Menoncello,INJURED,
TOP14,TOU,Valentin Delpy,INJURED,
TOP14,UBB,Adam Coleman,INJURED,
TOP14,UBB,Ben Tameifuna,INJURED,
TOP14,UBB,Carlü Sadie,INJURED,
TOP14,UBB,Jean-Luc Du Preez,INJURED,
TOP14,UBB,Jefferson Poirot,INJURED,
TOP14,UBB,Lasha Pkhakadze,SUSPENDED,
TOP14,UBB,Matthieu Jalibert,INJURED,
TOP14,UBB,Pierre Bochaton,INJURED,
TOP14,UBB,Rohan Janse Van Rensburg,INJURED,
TOP14,UBB,Zaccharie Affane,INJURED,
TOP14,USAP,Bastien Chinarro,INJURED,
TOP14,USAP,Benjamin Urdapilleta,INJURED,
TOP14,USAP,Bruce Devaux,INJURED,
TOP14,USAP,Jefferson-Lee Joseph,INJURED,
TOP14,USAP,Marco Riccioni,INJURED,
TOP14,USAP,Sevu Reece,INJURED,
TOP14,USAP,Simon Sol,INJURED,
TOP14,VAN,Dave Cherry,INJURED,
TOP14,VAN,Eliott Roudil,INJURED,
TOP14,VAN,Léon Boulier,INJURED,
TOP14,VAN,Murray Taulagi,INJURED,
TOP14,VAN,Pierre Popelin,INJURED,
TOP14,VAN,Ray Nu'U,INJURED,
TOP14,VAN,Robin Taccola,INJURED,
TOP14,VAN,Sione Mafileo,INJURED,
TOP14,VAN,Thomas Ployet,INJURED,
