title,summary,body,sourceUrl,publishedAt,source,competitionCode,imageUrl
Top 14. Stade français. Sekou Macalou a annoncé la fin de sa carrière avec effet immédiat à ses coéquipiers,Le troisième ligne international du Stade Français Sekou Macalou a annoncé hier lundi à ses partenaires mettre fin à sa carrière avec effet immédiat. Un véritable coup de tonnerre.,"Le troisième ligne international du Stade Français Sekou Macalou a annoncé hier lundi à ses partenaires mettre fin à sa carrière avec effet immédiat. Un véritable coup de tonnerre.\n\nC'est un véritable coup de tonnerre qui a secoué le vestiaire du Stade Français. Selon nos informations, le troisième ligne international Sékou Macalou a annoncé hier lundi à ses partenaires qu'il mettait un terme à sa carrière professionnelle avec effet immédiat.\n\nÀ seulement 31 ans, le flanker parisien a décidé de tirer sa révérence prématurément, alors qu'il était sous contrat jusqu'en juin prochain. Toujours selon plusieurs témoins, il aurait expliqué à ses partenaires s’être mis d'accord avec les dirigeants du club pour s’arrêter immédiatement. Cette décision brutale intervient après une saison dernière où le troisième ligne n'a presque pas foulé les pelouses de Top 14, la faute officiellement à un problème tenace aux hanches qui a lourdement freiné son quotidien.\n\nFormé à Massy avant d'exploser au Stade Français dès 2015, Sékou Macalou aura marqué le rugby français par un profil d'une rareté absolue : un gabarit élancé, une pointe de vitesse phénoménale et une capacité unique à faire la différence ballon en main comme un trois-quarts. Fidèle au club de la capitale pendant plus de dix ans, il en aura été l'un des cadres importants, remportant notamment le Challenge Européen en 2017. Ses performances sous le maillot rose lui ont également ouvert les portes du XV de France (20 sélections), où il s'est illustré par sa polyvalence rare, dépannant même parfois à l'aile au plus haut niveau international. En perdant Macalou, le Stade Français dit au revoir à l'un de ses joueurs les plus spectaculaires de la dernière décennie, mais aussi un joueur qui restera pour beaucoup un mystère.",https://www.rugbyrama.fr/2026/09/29/top-14-stade-francais-sekou-macalou-a-annonce-la-fin-de-sa-carriere-avec-effet-immediat-a-ses-coequipiers-13575148.php,2026-09-29T20:25:20,Rugbyrama,TOP14,https://images.rugbyrama.fr/api/v1/images/view/6abbff7eadcdb19dfb01522b/large/image.jpg?v=1
"Top 14 - Le Stade toulousain, déjà décimé par les blessures, vers un turnover à Castres ?","Déjà privé d'une vingtaine de joueurs lors de la réception de Montpellier, et même s'il espère quelques retours pour le déplacement à Castres samedi soir, le staff toulousain devrait être contraint de ménager certains cadres très utilisés et donc d'aligner une équipe rajeunie à Pierre-Fabre, alors que se profileront ensuite les réceptions de Bayonne, d'Exeter en Champions Cup, puis de Perpignan.","Déjà privé d'une vingtaine de joueurs lors de la réception de Montpellier, et même s'il espère quelques retours pour le déplacement à Castres samedi soir, le staff toulousain devrait être contraint de ménager certains cadres très utilisés et donc d'aligner une équipe rajeunie à Pierre-Fabre, alors que se profileront ensuite les réceptions de Bayonne, d'Exeter en Champions Cup, puis de Perpignan.\n\nL'image a marqué le grand public. Quand nos confrères de Canal + ont présenté l'infirmerie toulousaine pendant le match contre Montpellier dimanche soir, celle-ci prenait une bonne partie de l'écran... Il faut dire que, pour la réception du MHR, le quadruple champion de France en titre était privé de vingt-et-un joueurs du groupe professionnel !\n\nPar déduction, seulement une quinzaine était disponible pour affronter les Héraultais, à laquelle il a fallu ajouter quelques jeunes joueurs sur la feuille de match, dont Marc-Elie Kouassi qui célébrait sa première apparition ou Tomas Rapetti pour qui c'était la deuxième. Dans ces circonstances, et même s'il restait de sacrés clients sur le terrain côté stadiste, la victoire bonifiée - permettant de prendre la tête du classement de Top 14 - fut une grande satisfaction.\n\nPour autant, la préparation du déplacement à Castres, samedi soir, s'annonce encore périlleuse. D'abord parce que l'infirmerie demeure toujours pleine. Ensuite, parce que le staff doit absolument ménager certains de ses hommes très utilisés depuis le début de saison, notamment dans le cadre de l'expérimentation de la liste ""premium"" des trente-trois joueurs du XV de France, lesquels sont censés (dans la mesure du possible) bénéficier d'un week-end de repos toutes les quatre semaines (ou de deux toutes les huit semaines).\n\nAinsi, le manager Ugo Mola devrait s'adapter à la situation, composer et pourrait être tenté de ménager des garçons comme Rodrigue Neti, Cyril Baille, Julien Marchand, Dorian Aldegheri, Thibaud Flament, Antoine Dupont ou Romain Ntamack (qui bénéficie d'une semaine allégée), qui font partie de la fameuse liste et qui étaient tous sur la feuille de match face au MHR. Quid également de Joshua Brennan, Alexandre Roumat, Santiago Chocobares, Kalvin Gourgues ou Ange Capuozzo, qui ont beaucoup enchaîné également. Une décision sera arrêtée dans les jours à venir, sachant qu'il faudra ensuite enchaîner par trois réceptions capitales contre Bayonne, Exeter en Champions Cup, et Perpignan.\n\nPour le reste, les Rouge et Noir sont donc décimés. Aux blessures de Malachi Hawkes (tendon d'Achille), Clément Vergé (genou), Emmanuel Meafou (genou), Anthony Jelonch (genou), Léo Banos (dos), Mathis Castro-Ferreira (épaule), Jack Willis (genou), Valentin Delpy (épaule), Tommaso Menoncello (mollet), Pierre-Louis Barassi (cheville) ou Nelson Epée (pied), sont venues s'ajouter la semaine dernière celles de François Cros (genou), Georges-Henri Colombe (épaule), Peato Mauvaka (cheville), Paul Graou (mollet), Blair Kinghorn (problème musculaire) ou Juan Cruz Mallia (genou). Pour l'Argentin, les nouvelles semblent rassurantes et il a repris avec ses coéquipiers, même si aucun risque ne sera pris avec lui, qui a retrouvé la compétition il y a dix jours après dix mois d'absence.\n\nPour Paul Mallez et David Ainu'u, cela sera encore juste en première ligne. Derrière, Célian Pouzelgues (épaule) est aussi indisponible. En ce qui concerne Willis, qui a été élu meilleur joueur du Top 14 pour la deuxième année d'affilée lors de La Nuit du Rugby lundi soir , il faudra être patient. En revanche, Cros, Menoncello, Graou, Colombe et donc Mallia ont fait leur retour à l'entraînement. Ils devraient postuler pour le rendez-vous à Castres, suivant leur évolution dans les prochains jours. Marceau Marzullo, qui a a rejoué avec les espoirs après sa blessure à une épaule, a réintegré le groupe. Bref, à Pierre-Fabre, le Stade toulousain va sûrement et encore faire appel à son centre de formation.",https://www.rugbyrama.fr/2026/09/29/top-14-le-stade-toulousain-deja-decime-par-les-blessures-vers-un-turnover-a-castres-13574253.php,2026-09-29T19:12:41,Rugbyrama,TOP14,https://images.rugbyrama.fr/api/v1/images/view/6abb7b575882a2d5e00972a3/large/image.jpg?v=5
XV de France féminin. Pauline Bourdon-Sansus absente : le groupe des 32 Bleues qui s'envoleront pour la Nouvelle-Zélande,"François Ratier, le sélectionneur du XV de France féminin, a annoncé le groupe des 32 joueuses qui se rendront en Nouvelle-Zélande pour le WXV Global Series. La capitaine des Bleues lors des trois matchs de septembre, Pauline Bourdon-Sansus, manquera à l'appel.","François Ratier, le sélectionneur du XV de France féminin, a annoncé le groupe des 32 joueuses qui se rendront en Nouvelle-Zélande pour le WXV Global Series. La capitaine des Bleues lors des trois matchs de septembre, Pauline Bourdon-Sansus, manquera à l'appel.\n\nElles seront trente-deux joueuses françaises à s'envoler pour le pays au long nuage blanc afin de se frotter aux redoutables Blacks Ferns néo-zélandaises. Ce mardi, le sélectionneur de l'équipe de France féminine à XV a officialisé son groupe, où l'enseignement principal est l'absence de la capitaine Pauline Bourdon-Sansus. La demi de mêlée des Bleues ""restera en réserve en France pour raisons familiales et demeure à la disposition du groupe en cas de besoin"" explique la Fédération, qui ajoute que le capitanat sera annoncé aux joueuses mercredi 7, jour du grand départ. Dans les autres absences, Yllana Brosseau, Shioban Soqeta et Charlotte Escudero ne seront pas dans l'avion direction Auckland pour raisons médicales.\n\nBattues par ces mêmes Néo-Zélandaises à Lyon en début de mois, les Tricolores ont repris du poil de la bête en battant - dans un scénario catastrophe - les Australiennes puis en s'offrant un succès aussi net que prestigieux face à des Canadiennes en pleine progression, troisièmes à la dernière Coupe du monde faut-il le rappeler. C'est un tout autre défi qui se présente à elles en terre maorie, mais pas impossible puisque les Anglaises les ont battues la semaine dernière à l'Allianz Stadium dans leur seule défaite de l'année, certes.\n\n""Ces matchs en Nouvelle-Zélande s’inscrivent pleinement dans la continuité de notre projet. Ils vont nous permettre de poursuivre le travail engagé avec le groupe, tout en offrant à de jeunes joueuses l’opportunité de se confronter à ce qui se fait de mieux au niveau international. C’est une étape importante pour continuer à construire et à élargir notre groupe"" , a clarifié François Ratier avant de partir pour Auckland le 7 octobre prochain.\n\nAvants Ylona Avril ; Amalia Bazola Allieres ; Axelle Berthoumieu ; Léa Champon ; Khoudedia Cissokho ; Cloé Correa ; Annaëlle Deshaye ; Julia Grosz ; Assia Khalfaoui ; Marion Latonnelle ; Mathilde Lazarko ; Maïlys Mailagi ; Marie Morland ; Ambre Mwayembe ; Elsa Peyras ; Elisa Riffonneau ; Lou Roboam ; Mouna Toure\n\nArrières Carla Arbez ; Émilie Boulard ; Morgane Bourgeois ; Alexandra Chambon ; Téani Feleu ; Élodie Fernandez ; Charlie Gauyat ; Anaïs Grando ; Marie Ibañez ; Léa Murie ; Lylou Pedussaud ; Lina Queyroi ; Aubane Rousset ; Gabrielle Vernier",https://www.rugbyrama.fr/2026/09/29/xv-de-france-feminin-pauline-bourdon-sansus-absente-le-groupe-des-32-bleues-qui-senvoleront-pour-la-nouvelle-zelande-13575113.php,2026-09-29T19:42:42,Rugbyrama,,https://images.rugbyrama.fr/api/v1/images/view/6abbf79d0b1a585fb8022c7e/large/image.jpg?v=10
"Top 14 - ""On a revu des choses à sa demande car le traumatisme était profond"" : avec la prolongation de Laurent Travers, l’Aviron envoie un message de stabilité…","Arrivé à l’Aviron bayonnais en juillet 2025, Laurent Travers va s’inscrire sur la durée au Pays basque, puisqu’il a récemment donné son accord pour s’engager lors des trois prochaines années. Cette prolongation met fin aux spéculations liées à son avenir et va permettre à l’Aviron de basculer, pour de bon, avec une vision claire, sur un nouveau cycle.","Arrivé à l’Aviron bayonnais en juillet 2025, Laurent Travers va s’inscrire sur la durée au Pays basque, puisqu’il a récemment donné son accord pour s’engager lors des trois prochaines années. Cette prolongation met fin aux spéculations liées à son avenir et va permettre à l’Aviron de basculer, pour de bon, avec une vision claire, sur un nouveau cycle.\n\nLa nouvelle a été officialisée par le club dimanche soir. Laurent Travers va prolonger son contrat à Bayonne pour trois saisons supplémentaires. Ce n’est pas vraiment une surprise, car la direction de l'Aviron souhaitait que son directeur du rugby s’inscrive sur la durée, en étant la figure de proue du nouveau projet, quand bien même le début d’aventure de l’ancien talonneur, au Pays basque, a été mouvementé.\n\nArrivé à l’été 2025 après de longs mois de discussions et de flou par rapport à la future cohabitation avec Grégory Patat, tenu éloigné du groupe professionnel sur les premiers mois de son aventure car le binôme avec le technicien gersois n’a jamais fonctionné, l’ancien président du Racing 92 s’est finalement rapproché du terrain en février dernier, à partir du moment où Patat a quitté le club, pour former un duo avec Gerard Fraser à la tête de l’équipe première. Dans le viseur d’une partie des supporters, Travers n’a pas vraiment bien vécu les critiques ayant accompagné sa venue au Pays basque. “ On ne va pas dire que l’on n'est pas insensible ”, nous expliquait-il en août. Si bien que ces derniers mois l’ancien talonneur a demandé à revenir sur ses engagements pour n’être lié à l’Aviron que jusqu’en juin 2027. “ Il veut voir comment ça se passe. Il a été très traumatisé par son arrivée dans ce club. Il a vécu des choses intolérables ”, racontait le président Tayeb en juin dernier.\n\nFinalement, Travers va rester. Le calme revenu sur les bords de Nive et le bon début de saison réalisé par le club basque (trois victoires sur les quatre premières journées) ont fini par convaincre le directeur du rugby de prolonger. Le conseil d'administration et le président Tayeb souhaitaient une réponse rapide, pour pouvoir se retourner rapidement en cas de réponse négative. Travers a arrêté sa décision ce week-end, même si depuis plusieurs semaines, l’optimisme était de mise sur les bords de Nive.\n\n“ Ce n’est pas une prolongation, c’est la suite logique de ce qu’on avait pris comme engagement, estime Philippe Tayeb . Laurent s’était engagé. Il a vécu des choses inadmissibles. Il n’est pas revenu sur sa décision, parce qu’il avait donné sa parole et c’est quelque chose d’important. On n’est pas obligés de contractualiser pour avoir des garanties. Ce qui est certain, c’est qu’il avait besoin de voir comment ça allait évoluer et comment l'entourage du club était capable de se comporter dans ces moments. Les règles du jeu avaient été fixées il y a longtemps. On a juste re-discuté sur la suite qu’on pouvait donner, si l'atmosphère était restée la même que cette dernière année. On a revu des choses à la demande de Laurent, qui était légitime, car le traumatisme était profond. Je le répète, ce qui s’est passé l’année dernière est inadmissible et intolérable. ”\n\nEn actant la prolongation, jusqu’en 2030, de Laurent Travers, l’Aviron envoie un message de stabilité après plusieurs mois de confusion, où l’actualité extra-sportive avec le mariage impossible entre Grégory Patat et Laurent Travers a pollué l’ambiance du côté de Jean Dauger. “ Mais quand Laurent est arrivé, c’était acté qu’il reste sur le long terme , coupe Tayeb. Il n’est pas venu pour une saison. Je rappelle que tout était formalisé, écrit, que les différentes parties avaient signé les documents. Ça ne s’est pas passé comme ça devait se passer. J’en assume l’entière responsabilité. Par contre, tout était contractualisé pour un certain nombre d’années. Quand on donne un accord, il faut le respecter. Ça n'a pas été le cas et ça a créé, peut-être, une forme de confusion, de malentendu extérieur pour le grand public ou les supporters de l’Aviron .”\n\nCes derniers n’ont pas manqué de le faire savoir et même plusieurs semaines plus tard, le président Tayeb garde un goût amer de ces mois de turbulence marqués par la fronde (notamment en ligne) d'une partie du public. “ Aujourd’hui, quand on prend des décisions, elles sont étudiées et analysées, rappelle le dirigeant . Nous sommes là pour faire grandir le club. Je pense qu’on ne le fait pas trop mal depuis huit ans. Il faut continuer. Ceux qui se permettent de critiquer ou d'insulter n’apportent rien au club. Ça me met en colère. Le message que je veux faire passer, c’est qu’on ne doit pas revivre ce qui a été vécu l’année dernière, par Laurent, son entourage et le club .”\n\nÉvidemment, les résultats sportifs, et eux seuls, permettront au calme de s’installer sur la durée à Dauger, et si l’Aviron gagne, les problèmes et tumultes resteront éloignés. “ Il faut être très vigilant et prudent , reprend Tayeb, car le Top 14 est très compliqué, mais le club veut être ambitieux et continuer à avancer, à grandir. On apporte des moyens sur les joueurs, les infrastructures. Le staff va continuer à évoluer .” À ce titre, Thibault Giroud intégrera, tôt ou tard, l’encadrement technique bayonnais. Un contrat pour les quatre prochaines saisons l’attend l’été prochain. Pourrait-il arriver plus tôt, maintenant qu’il n’est plus salarié de l’UBB ? “ Je n’en sais rien , répond Philippe Tayeb. Il a été licencié, c’est public. Il a besoin, je pense, de se reconstruire .” Néanmoins, pour préparer la suite, le directeur de la performance a d’ores et déjà rencontré plusieurs de ses (futurs) collaborateurs.\n\nLe nom de Christophe Laussucq circule également dans les couloirs de Jean Dauger. Un temps évoqué du côté de Marcoussis, le technicien fait partie des pistes étudiées pour venir gérer le secteur de la défense à Bayonne. “ On va faire étape par étape , commente le président Tayeb. On est là pour améliorer tout ce qui peut être améliorable et maîtrisable. S’il y a la demande du staff d’avoir un responsable de la défense, on analysera, on posera tout ça sur la table avec Laurent (Travers) et Ged (Fraser). Maintenant, c’est avec ce staff qu’on va continuer à grandir, à construire. Il y aura peut-être des changements, mais c’est la vie de tous les clubs, on n’invente rien, on essaie juste de rester stable. Il fut un temps où on avait deux managers par saison. Je rappelle qu’il y a eu deux managers en huit ans. ” Avec le premier patron du sportif (Yannick Bru), l’Aviron a connu deux montées pour une descente, mais l’ancien talonneur a laissé Bayonne dans l’élite du rugby français. Avec le second (Grégory Patat), le club basque a découvert la Champions Cup et atteint une demi-finale de Top 14. Reste à savoir, à présent, jusqu’où Laurent Travers parviendra à emmener l’Aviron, maintenant qu’il a l’horizon dégagé pour mener à bien son projet sur le long terme. Après quatre journées, son équipe a gagné trois matchs. L’an passé, le bilan était le même à la fin du mois de septembre.",https://www.rugbyrama.fr/2026/09/29/top-14-on-a-revu-des-choses-a-sa-demande-car-le-traumatisme-etait-profond-avec-la-prolongation-de-laurent-travers-laviron-envoie-un-message-de-13574601.php,2026-09-29T16:01:09,Rugbyrama,TOP14,https://images.rugbyrama.fr/api/v1/images/view/6abbbccb16e9cf0c5400ce98/large/image.jpg?v=4
Top 14 - Bayonne : Léo Coly et plusieurs cadres de retour à l’entraînement avant la réception du Stade français,"Absent depuis la première journée et sa blessure à l’ischio-jambier contractée face à Toulon, le demi de mêlée Léo Coly a effectué cette semaine son retour à l’entraînement.","Absent depuis la première journée et sa blessure à l’ischio-jambier contractée face à Toulon, le demi de mêlée Léo Coly a effectué cette semaine son retour à l’entraînement.\n\nSorti vainqueur du match à Créteil face au Racing la semaine dernière (17-20), l’Aviron bayonnais affronte ce week-end l’autre club parisien, puisque le Stade français est attendu à Jean Dauger samedi après-midi (16h35). En cas de succès contre les hommes de Paul Gustard, les Basques conforteront leur place dans le top six. Pour préparer cette réception des Soldats Roses, l’Aviron enregistre plusieurs retours de joueurs importants, à commencer par celui de Léo Coly. Recrue phare de l’intersaison, le demi de mêlée s’était, pour rappel, blessé à l’ischio-jambier après trois petites minutes lors de la première journée contre Toulon. En interne, on tablait sur une absence entre quatre et six semaines. Ce mardi midi, l’ancien joueur du MHR s’est entraîné avec le groupe. Reste à savoir, dans les jours à venir, s’il sera aligné samedi contre Paris.\n\nQuoi qu’il en soit, Baptiste Tilloles a tenu la baraque en son absence. L’international U20 a réalisé de très bons matchs, mais il a été contraint d'écourter la séance matinale après une alerte à la cuisse gauche. Au poste, l’international sud-africain Herschel Jantjies, désormais libéré de la sélection, est attendu dans la soirée à Bayonne. Il pourrait ainsi être à l’entraînement demain. À la charnière, l’Aviron enregistre également le retour de Rob du Preez. Il avait manqué le déplacement au Racing à cause d’un léger problème à la cuisse gauche. Il postule pour la rencontre de ce week-end, et le staff de l’Aviron devra ainsi choisir entre Joris Segonds et le Sud-Africain pour conduire le jeu bayonnais. Au centre, Sireli Maqala avait été ménagé la semaine passée. Il postule, au même titre que Federico Mori, Manu Tuilagi et Guillaume Martocq, au centre de l’attaque basque. Dans le fond du terrain, Cheikh Tiberghien n’a pas participé à la séance matinale, pas plus qu’Arnaud Erbinartegaray, aperçu dans les tribunes en civil, alors que Yohan Orabé est toujours suspendu. Le trois-quarts polyvalent Tom Spring, lui, va mieux. Il n’avait pas pris part aux entraînements collectifs la semaine dernière. Malgré un coude encore largement bandé, il a participé aux divers ateliers proposés par le staff.\n\nEn première ligne, à gauche de la mêlée, Swan Cormenier (sternum) et Pierre Castillon (croisés) sont toujours absents. Au talon, Facundo Bosch, Lucas Martin et Guillaume Cramont sont disponibles, alors qu’à droite Tevita Tatafu, qui a beaucoup joué en ce début de saison, n’a pas participé à l’entraînement du jour. Les autres droitiers (Emerick Setiano, Lasha Macharashvili, Luke Tagi) étaient là. Dans la cage, embêté par un genou douloureux, Brian Alainu’uese n’était pas avec ses partenaires ce midi, pas plus qu’Arthur Iturria, encore absent quelques semaines. Lucas Paulos, Matthieu Uhila, Ewan Johnson ou Killian Geraci étaient, eux, sur le terrain principal de Jean Dauger. Enfin, en troisième ligne, Rob Leota manquait toujours à l’appel. L’international australien n’a pas été aperçu avec le reste du groupe depuis un moment. C’est le seul absent à un poste où Gerard Fraser et Laurent Travers ont l’embarras du choix, dans la mesure où Esteban Capilla, Rodrigo Bruni, Baptiste Héguy, Noa Traversier et Giovanni Habel Kuffner sont sélectionnables. Alexandre Fischer ? Au repos ce week-end, après un gros début de saison, il semble se rapprocher d’un retour puisqu’il était avec ses partenaires ce matin, même s’il n’a pas participé à tous les ateliers.",https://www.rugbyrama.fr/2026/09/29/top-14-bayonne-leo-coly-et-plusieurs-cadres-de-retour-a-lentrainement-avant-la-reception-du-stade-francais-13574575.php,2026-09-29T14:30:05,Rugbyrama,TOP14,https://images.rugbyrama.fr/api/v1/images/view/6abba7af0f9d5579740a0cee/large/image.jpg?v=2
"Top 14. La programmation de la 7e journée de Top 14 : choc maritime en prime time à Marcel-Deflandre, Toulouse dans le multiplex...",La programmation de la 7e journée (24 et 25 octobre) de Top 14 est officielle. Il y aura un joli choc maritime à prévoir le dimanche soir à Marcel-Deflandre.,"La programmation de la 7e journée (24 et 25 octobre) de Top 14 est officielle. Il y aura un joli choc maritime à prévoir le dimanche soir à Marcel-Deflandre.\n\nLe Top 14 a dévoilé sa programmation pour la septième journée, qui interviendra donc après la première trêve européenne ! Exit donc Challenge et Champions Cup, il y aura notamment au menu de cette journée : le promu en ouverture de la journée face à Clermont et le Stade toulousain dans le multiplex de 16 h 35.\n\nEn conclusion du samedi, Toulon recevra Pau à Mayol dans un duel qui s'annonce électrique entre - à l'heure actuelle - une équipe dans une passe compliquée et qui a besoin de points et une autre qui se trouve dans une forme incroyable au début du mois. D'ici là tout peut changer !\n\nLe dimanche soir aussi, choc à prévoir sur la côte ouest. Les Rochelais de Ronan O'Gara, dans leur antre de Marcel-Deflandre, accueilleront le champion d'Europe bordelais. La Rochelle est programmé pour la deuxième fois un dimanche soir, après la réception des Toulousains. Pour rappel, les Girondins n'ont plus gagné en terre maritime depuis 2022 !",https://www.rugbyrama.fr/2026/09/29/top-14-la-programmation-de-la-7e-journee-de-top-14-choc-maritime-en-prime-time-a-marcel-deflandre-toulouse-dans-le-multiplex-13574973.php,2026-09-29T18:18:30,Rugbyrama,TOP14,https://images.rugbyrama.fr/api/v1/images/view/6abbe31150e7d3cffa05c124/large/image.jpg?v=1
"International - Criblé de dettes, la légende anglaise Lawrence Dallaglio forcée de vendre sa médaille de champion du monde aux enchères","Le champion du monde 2003 Lawrence Dallaglio a annoncé être en grande difficulté financière à la suite de la faillite de ses entreprises. Endetté, il va vendre aux enchères plusieurs souvenirs de sa glorieuse carrière.","Le champion du monde 2003 Lawrence Dallaglio a annoncé être en grande difficulté financière à la suite de la faillite de ses entreprises. Endetté, il va vendre aux enchères plusieurs souvenirs de sa glorieuse carrière.\n\nLawrence Dallaglio n'a pas le choix. Troisième ligne légendaire du XV de la Rose, celui qui a brillé sur les terrains entre la fin des années 1990 et le début des années 2000 doit se séparer de nombreux souvenirs de sa glorieuse carrière de rugbyman. Criblé par les dettes, l'ancien joueur des Wasps a été placé en faillite l'année dernière à la suite de son divorce. Une situation prolongée par un juge jusqu'au 31 août 2027 en raison d'allégations de ""dépenses excessives"". ""J'étais dans une très mauvaise passe et m'apitoyais sur moi-même"", a-t-il déclaré dans un podcast récemment. Pour éponger ses centaines de milliers de livres de dette, Dallaglio doit donc maintenant passer par la mise en vente de plusieurs reliques. Parmi elles, sa médaille de champion du monde 2003.\n\nCelui qui avait vu le capitanat lui être retiré avant la compétition après avoir avoué être un consommateur de drogues était titulaire au centre de la troisième ligne anglaise, lors de la finale face à l'Australie à Sydney. Cette médaille d'or est estimée entre 50 000 et 80 000 £ (entre 58 252 et 93 202 €), selon le site officiel de l'enchère , qui sera organisée le 13 octobre 2026 par l'entreprise Budds à Wellingborough. Cette médaille est loin d'être la seule mise en vente. Celle de finaliste de la Coupe du monde 2007 (évaluée à 10 000 £), celle de vainqueur des 6 Nations de 2003 (5 000 £), les quatre breloques de vainqueur de la Premiership (8 000 £ chacune), les deux médailles de vainqueur de la Champions Cup (8 000 £ chacune) et celle de vainqueur de la Challenge Cup (5 000 £) sont disponibles à l'achat.\n\nDallaglio met aussi à disposition d'autres souvenirs, comme sa casquette de Lions britanniques et irlandais (5 500 £), son équivalent anglais (5 000 £), sa casquette d'intronisation au Hall of Fame (800 £) ou encore un maillot d'entraînement des Lions britanniques et irlandais lors de la tournée en Afrique du Sud de 1997 (2 000 £). Selon les estimations, l'homme de 54 ans pourrait tirer environ 180 000 £ de cette enchère.",https://www.rugbyrama.fr/2026/09/29/international-crible-de-dettes-la-legende-anglaise-lawrence-dallaglio-force-de-vendre-sa-medaille-de-champion-du-monde-aux-encheres-13574177.php,2026-09-29T11:09:10,Rugbyrama,,https://images.rugbyrama.fr/api/v1/images/view/6abb6222b91dad5e010957e4/large/image.jpg?v=6
"Transferts - Comment Toulouse a repris la main avec les prolongations d'Emmanuel Meafou puis d'Anthony Jelonch, après les pertes de Thomas Ramos et François Cros","Attaqué comme jamais pour ses cadres sur le marché des transferts cet été, avec notamment les signatures de Thomas Ramos au Racing 92 et de François Cros à Lyon pour les prochaines saisons, le Stade toulousain a réussi à inverser la tendance et a envoyé un message fort en obtenant les prolongations d'Emmanuel Meafou et Anthony Jelonch. En plus de commencer à dessiner les contours de l'effectif fut","Attaqué comme jamais pour ses cadres sur le marché des transferts cet été, avec notamment les signatures de Thomas Ramos au Racing 92 et de François Cros à Lyon pour les prochaines saisons, le Stade toulousain a réussi à inverser la tendance et a envoyé un message fort en obtenant les prolongations d'Emmanuel Meafou et Anthony Jelonch. En plus de commencer à dessiner les contours de l'effectif futur. Explications.\n\nLe calendrier offre parfois de légers clins d'œil, certes anecdotiques en l'occurrence, qui permettent de prendre un brin de recul : la confirmation par nos confrères de La Dépêche du Midi ce dimanche de la prolongation à venir d'Anthony Jelonch au Stade toulousain est intervenue un mois jour pour jour après la révélation par nos soins de la signature de François Cros (32 ans) à Lyon, pour les trois prochaines saisons. C'était le 27 août et toutes les analyses se rejoignaient alors sur un point : le quadruple champion de France en titre n'avait pas attaqué de la sorte sur le marché des transferts depuis très longtemps. Il faut dire que, début août, le club avait déjà vu un de ses cadres choisir de rejoindre une autre écurie à l'issue de l'exercice 2026-2027, à savoir Thomas Ramos (31 ans) qui s'est engagé en faveur du Racing, là encore pour trois ans. Forcément, cela avait marqué les esprits. D'abord, parce qu'il s'agit, outre le statut des deux joueurs qui les place parmi les meilleurs du monde à leurs postes, des deux seuls à avoir été alignés sur toutes les feuilles de match des huit finales remportées depuis 2019.\n\nMais, si ces futurs départs ont été vécus comme des séismes à l'échelle du rugby français, c'est aussi parce qu'ils semblaient dessiner une nouvelle réalité. Du moins, une tendance dans laquelle les ""cadors"" toulousains étaient désormais accessibles pour la concurrence, chose presque impensable ces dernières années. ""Si je me positionne personnellement, je suis affecté comme jamais , réagissait Ugo Mola dans Midi Olympique fin août. [...] Pour autant, le manager du club ne peut pas parler d’échec mais d’une situation propre à notre milieu, pas fréquente chez nous. Cependant, ce n’est pas la première fois qu’un joueur a envie d’aller voir ailleurs, pour des raisons qui lui appartiennent."" Résultaient-elles d'une forme de flottement en interne ? Dans un monde idéal, les dirigeants toulousains auraient voulu (ou dû) verrouiller l'avenir de ces deux éléments avant le 1er juillet 2026, date à laquelle ils se sont officiellement retrouvés sur le marché. Et, de ce que l'on sait, les offres n'ont pas tardé à affluer. Surtout, certaines furent particulièrement offensives.\n\nReste que le Stade toulousain devait s'adapter selon deux problématiques bien définies : la réduction progressive et le plafonnement des crédits internationaux qui vont représenter à terme un million d’euros de masse salariale en moins pour le plus gros pourvoyeur du XV de France ; la politique interne de proposition de salaire à la baisse pour les trentenaires. ""Réduire le club à une transition, parce qu’on va perdre certains joueurs aussi remarquables soient-ils, serait trop simpliste , expliquait aussi Mola. L’évolution doit être permanente, pour ne pas se retrouver dans des proportions qui mettraient l’édifice en danger."" Rapidement, les ""Bleus"" de Toulouse en fin de contrat sont donc devenus des cibles de choix. Et les décisions de Ramos et Cros ont peut-être fini de décomplexer les rivaux. Voilà comment Emmanuel Meafou (28 ans) et Anthony Jelonch (30 ans) - les deux autres Tricolores dont les engagements arrivaient à leur terme en juin 2026 - ont aussi reçu des propositions agressives sur le plan financier.\n\nPour le deuxième ligne, c'est le Stade français qui s'est montré très séduisant. Assez pour avoir pris une longueur d'avance sur le dossier et se montrer proche de convaincre l'intéressé, il y a encore un peu plus de deux semaines. Concernant le troisième ligne, si plusieurs écuries se sont penchées sur son profil comme Clermont, c'est son ancien club de Castres qui est surtout passé à l'action avec là aussi une offre élevée. Suffisamment pour faire réfléchir le joueur. Si les décideurs stadistes avaient fait des cas de Meafou et Jelonch une priorité absolue, allaient-ils pouvoir rivaliser ? Beaucoup craignaient alors un exode massif à Ernest-Wallon... Mais le président Didier Lacroix et ses équipes, conscients de vivre une période charnière et désireux de reprendre la main, ont pourtant changé de braquet en coulisse et décidé de faire le forcing. Le premier gros coup ? L'accord du troisième ligne de Bayonne, Esteban Capilla (23 ans), pour les trois saisons à venir (plus une quatrième en option), alors que l'ancien Septiste était très convoité. Mais, malgré une proposition inférieure à celle de Toulon par exemple, il a été sensible aux arguments sportifs présentés par Toulouse, où il remplacera numériquement François Cros.\n\nEn parallèle, le club a montré son attachement à Meafou en réalisant un vrai effort financier et lui soumettant un contrat longue durée. Ce dernier a finalement choisi de prolonger pour quatre ans (plus un optionnel), comme révélé par nos soins. Et, ce week-end, Jelonch a donc averti les dirigeants du Castres olympique qu'il avait décidé de rester au Stade toulousain. Selon nos informations, il va s'engager pour trois ans supplémentaires. Voilà comment, en une dizaine de jours, les Rouge et Noir ont envoyé un message puissant. Aussi bien à la concurrence qu'à leurs supporters. D'autant qu'ils ont également avancé sur la construction de l'effectif futur, en obtenant la prolongation pour trois saisons de Clément Vergé (25 ans), qui était jugée capitale, malgré une offensive de Lyon. Au-delà, ils sont proches d'un accord avec l'Argentin Efraín Elías (22 ans) et travaillent sur les dossiers de David Ainu'u (26 ans) et Malachi Hawkes (23 ans).",https://www.rugbyrama.fr/2026/09/28/transferts-prolongation-de-emmanuel-meafou-puis-danthony-jelonch-apres-les-pertes-de-thomas-ramos-et-francois-cros-toulouse-a-repris-la-main-13572807.php,2026-09-29T08:06:36,Rugbyrama,,https://images.rugbyrama.fr/api/v1/images/view/6aba8258adbd12edf20268f4/large/image.png?v=6
"Deux cartons jaunes, deux matchs renversés : pourquoi l’indiscipline devient une arme décisive en Top 14","Deux cartons jaunes, deux matchs renversés Samedi dernier, la quatrième journée de Top 14 a offert deux rappels assez brutaux sur le prix de l’indiscipline. Le Racing 92 menait Bayonne 17-13 lorsque Benjamin Boudou a reçu un jaune à la 64e minute. Hassane Kolingar a ensuite été exclu temporairement à la 75e , au moment où Boudou revenait. Deux minutes plus tard, Lucas Martin marquait sur ballon po","Deux cartons jaunes, deux matchs renversés Samedi dernier, la quatrième journée de Top 14 a offert deux rappels assez brutaux sur le prix de l’indiscipline. Le Racing 92 menait Bayonne 17-13 lorsque Benjamin Boudou a reçu un jaune à la 64e minute. Hassane Kolingar a ensuite été exclu temporairement à la 75e , au moment où Boudou revenait. Deux minutes plus tard, Lucas Martin marquait sur ballon porté et l’Aviron basculait devant pour l'emporter 20-17 après une dernière occasion manquée par les locaux.\n\nÀ Jean-Bouin, le scénario a été encore plus net. Lyon, devant 10-5 à la pause, avait déjà été dépassé 12-10 lorsque Baptiste Couilloud a reçu un jaune à la 56e. Beka Saginadze l’a rejoint trois minutes plus tard. Paris a alors inscrit sept points pendant la séquence à 13, puis cinq autres alors que le LOU évoluait encore à 14.\n\nÀ 14, chaque choix défensif se paie L’infériorité numérique ne retire pas seulement un joueur. Elle oblige à déplacer des hommes et met en avant les erreurs de placement. Si la défense conserve de la largeur, elle expose davantage les abords des rucks . Si elle resserre, les extérieurs sont ciblés. Et quand le joueur sorti est le demi de mêlée, comme Couilloud, la réorganisation touche aussi la sortie de mêlée, la couverture et les premiers soutiens.\n\nNotez que juste après le jaune de son numéro 9, Tawera Kerr-Barlow a profité de son absence derrière une mêlée pour filer dans l’en-but. L’essai sera finalement été refusé pour un en-avant antérieur. Mais le Stade Français a quand même trouvé la brèche. Sur l’ensemble du match, le LOU a concédé 14 pénalités et réussi 240 plaquages, contre 101 pour Paris.\n\nLe coût dépasse les points Au Racing, le jaune de Boudou a également perturbé la conquête. Tarrit étant sorti touché, le club francilien s’est retrouvé sans talonneur disponible et a dû bricoler une première ligne composée uniquement de piliers sur une mêlée. Bayonne a ensuite multiplié les pénaltouches et les séquences dans les 22 mètres avant de frapper à la 77e. Le Racing a encaissé sept points pendant ses exclusions, sans en marquer.\n\nBien sûr deux rencontres ne permettent pas d’établir une moyenne fiable du coût d’un carton jaune en Top 14. Néanmoins, après quatre journées, la LNR recense déjà 46 jaunes, un orange et quatre rouges, soit 51 cartons en 28 matchs.\n\nLa discipline, déjà une donnée de performance La discipline mérite donc d’être lue comme une donnée de performance, au même titre que la conquête ou l’efficacité dans les 22 mètres. Samedi, le Racing a concédé sept points pendant ses jaunes et surtout vu la victoire lui échapper. Lyon en a abandonné douze pendant ses périodes d’infériorité. Sur deux matchs encore ouverts au moment des sanctions, la facture a été très concrète.",https://www.lerugbynistere.fr/news/deux-cartons-jaunes-deux-matchs-renverses-pourquoi-lindiscipline-devient-une-arme-decisive-en-top-14,2026-09-29T20:12:00,Le Rugbynistère,TOP14,https://www.lerugbynistere.fr/medias/55965/conversions/Couverture-Articles-2026-(1)-thumb.jpg
Pourquoi le retour de la légende Beauden Barrett en NPC est un évènement au pays des All Blacks ?,"Imaginez Antoine Dupont revenant jouer avec Auch au beau milieu d’une saison internationale. En France, le scénario paraît presque irréel. En Nouvelle-Zélande, il fait partie de l’ADN du rugby provincial. Dimanche, Beauden Barrett va ainsi retrouver Taranaki pour la première fois depuis 2020 , face à Wellington à New Plymouth.","Imaginez Antoine Dupont revenant jouer avec Auch au beau milieu d’une saison internationale. En France, le scénario paraît presque irréel. En Nouvelle-Zélande, il fait partie de l’ADN du rugby provincial. Dimanche, Beauden Barrett va ainsi retrouver Taranaki pour la première fois depuis 2020 , face à Wellington à New Plymouth.\n\nÀ 35 ans, avec 145 sélections chez les All Blacks , l’ancien meilleur joueur du monde 2016 et 2017 reste l’un des visages les plus connus du rugby néo-zélandais. Le voir redescendre en NPC, championnat provincial antichambre du Super Rugby, donne donc forcément une autre dimension à cette dernière journée de saison régulière.\n\n5 000 billets ont déjà vendus Car Taranaki n’est pas une province comme une autre pour Barrett. C’est là que tout a commencé. En 2010, à seulement 19 ans , il éclaboussait le championnat de sa classe en en étant élu révélation et laissait apparaître un talent différent au rugby nz.\n\nSon retour s’inscrit surtout dans une tradition très néo-zélandaise : 14 All Blacks ont été rendus disponibles pour leurs provinces ce week-end . À Taranaki, Barrett pourra notamment retrouver l’ouvreur Josh Jacomb et le talonneur Bradley Slater. Son frère Scott avait déjà repris la compétition avec la province le week-end précédent.\n\nLe timing n’est pas totalement anodin non plus. Beauden Barrett n’a joué qu’un rôle limité lors de la tournée récente en Afrique du Sud et doit encore convaincre avant l’annonce, mardi, du groupe de 34 joueurs retenus pour la Bledisloe Cup. La concurrence aux postes de meneur reste dense avec Damian McKenzie, Ruben Love, Richie Mo’unga ou encore Jacomb.\n\nPour Taranaki, c’est donc bien plus qu’un renfort ponctuel. C’est le retour à la piaule d'une légende du rugby mondial et des All Blacks. Un bel évènement pour lequel 5 000 billets ont déjà vendus, ce qui constitue un évènement en soi pour ce championnat, dans un pays qui compte plus de moutons que d'habitants.\n\nD'ici dimanche, le retour de l'enfant prodige pourrait attirer encore quelques milliers de pèlerins...",https://www.lerugbynistere.fr/news/pourquoi-le-retour-de-la-legende-beauden-barrett-en-npc-est-un-evenement-au-pays-des-all-blacks,2026-09-29T18:05:00,Le Rugbynistère,,https://www.lerugbynistere.fr/medias/31906/conversions/taranaki-barrett-11-07-20-396-thumb.jpg
"+50 kg grâce au mieliepap : qui est Noah Brown, le colosse de 19 ans qui frappe à la porte de la Pro D2 ?","À 19 ans, Noah Brown ne passe déjà pas inaperçu à Brive. Avec ses 2,06 m pour 124 kg, le deuxième ligne anglo-sud-africain possède un gabarit taillé pour le très haut niveau. Pourtant, il y a encore quelques mois, son avenir dans le rugby élitiste semblait loin d’être assuré.","À 19 ans, Noah Brown ne passe déjà pas inaperçu à Brive. Avec ses 2,06 m pour 124 kg, le deuxième ligne anglo-sud-africain possède un gabarit taillé pour le très haut niveau. Pourtant, il y a encore quelques mois, son avenir dans le rugby élitiste semblait loin d’être assuré.\n\nNé à Port Elizabeth d’une mère sud-africaine et d’un père anglais, puis élevé près de Londres, Brown est passé par les filières jeunes des London Irish puis de Gloucester. Mais son faible temps de jeu lui ferme alors plusieurs portes en Angleterre.\n\nD'ailleurs, son physique n’a pas toujours été aussi impressionnant. À son arrivée dans le rugby universitaire, Brown ne pesait que 74 kg pour plus de deux mètres. Sa famille sud-africaine lui conseille alors une recette bien connue au pays de Boers : le mieliepap, une bouillie traditionnelle très calorique à base de maïs.\n\nTrois ans plus tard, entre travail et coup de fourchette, la métamorphose est spectaculaire : 50 kg supplémentaires . Brown raconte à RugbyPass avoir vu dans le même temps ses performances en musculation progresser fortement, avec davantage d’impact ballon en main et en défense.\n\nMalgré tout, le jeune géant se retrouve sans club à la sortie d’Oxford College, en fin de saison dernière. Il contacte alors l’agence Izzat. Ses vidéos sont envoyées en France et huit formations manifestent illico leur curiosité, voire leur intérêt, comme Toulouse, Pau, l’UBB et le Racing 92.\n\nC'est finalement à Brive qu'il va s'engager, notamment convaincu par la présence d'un certain Courtney Lawes lors de la visio pour lui présenter le projet corrézien. Les contacts de l'agence ne s'arrêtent pas là et ses représentants échangent même avec Rassie Erasmus, pour lui signifier l'éligibilité de ce profil à plus de 2m05.\n\nIl enchaîne en Espoirs Brown, lui, se rêve d'abord sélectionné chez les U20 pour l’Angleterre ou l’Afrique du Sud. Pour l'heure, le colosse a débuté son aventure au centre de formation du CAB, avec qui il vient de démarrer les 3 premières rencontres de la saison en 2ème ligne avec les Espoirs. Même s'il attend toujours sa première victoire. Et peut-être des débuts chez les professionnels, lorsque l'effectif sera moins garni, au cœur de l'hiver ?\n\nAh ah ah ah ! 😂 😂😂😂 Je me gondole ! Le gavage de joueur sudaf au maïs maintenant, façon canard du Sud-Ouest bien connu pour sa force et sa vitesse de pointe !\n\nJe ne suis pas médecin. Quelqu'un pour dire si ce type de prise accélérée de poids a des conséquences sur la santé ? Et si c'est uniquement le maïs ?",https://www.lerugbynistere.fr/news/50-kg-grace-au-mieliepap-qui-est-noah-brown-le-colosse-de-19-ans-qui-frappe-a-la-porte-de-la-pro-d2,2026-09-29T17:05:00,Le Rugbynistère,PROD2,https://www.lerugbynistere.fr/medias/55964/conversions/Couverture-Articles-2026---2026-09-29T170007.208-thumb.jpg
VIDÉO. Le gros tampon dans les sifflantes pour les retrouvailles entre Marko Gazzotti et Lachlan Swinton,Les Bordelais se sont cassé les dents sur la grosse défense des Catalans lors de leur déplacement sur la pelouse d'Aimé Giral la semaine dernière.,"Les Bordelais se sont cassé les dents sur la grosse défense des Catalans lors de leur déplacement sur la pelouse d'Aimé Giral la semaine dernière.\n\nSi le bonus défensif leur échappe dans les ultimes secondes, il convient de souligner qu'au cours de cette partie, Perpignan a grandement dominé les débats, surtout dans le combat.\n\nEt ce n'est pas un hasard si Lachlan Swinton figurait parmi le XV de départ. L'Australien, qui retrouvait ses anciens partenaires, n'était pas venu pour enfiler les perles.\n\nLe timbre parfait Alors qu’ils jouent un petit côté astucieusement initié par Maxime Lucu, qui avait vu le potentiel surnombre, Marko Gazzotti hérite donc du ballon et semble vouloir vite faire la passe.\n\nMais c’était sans compter sur le timing parfait de son ancien coéquipier Lachlan Swinton, qui lui distribue un énorme caramel dans les règles de l’art.\n\nÀ la limite du hors-jeu, le néo-Catalan fait parler ses 113 kg pour retourner comme une crêpe le jeune flanker, habituel numéro 8 de Bordeaux.\n\nUn aller sans retour dès la première période qui a sans doute remis les idées en place à un paquet de personnes sous-estimant peut-être sa capacité à encore être performant après une année à vide sur les bords de la Gironde. Son retour avec Perpignan est parfait pour le moment (deux titularisations, deux victoires).\n\nParfaitement légal Un plaquage n'est pas illégal simplement parce qu'il retourne le porteur du ballon : ce qui compte, c'est la manière dont le plaqueur s'engage.\n\nTant qu'il vise sous la ligne des épaules, entoure l'adversaire avec les bras et ne le lève pas pour le projeter, le geste reste conforme, même si le porteur pivote ou est déséquilibré dans la chute.\n\nEn revanche, dès que le joueur est soulevé puis lâché ou fait tourner de façon dangereuse (plaquage ""cathédrale"" ou ""en retournement"" sans contrôle), l'arbitre, aidé par la vidéo, sanctionne d'un carton jaune ou rouge.",https://www.lerugbynistere.fr/videos/video-le-gros-tampon-dans-les-sifflantes-pour-les-retrouvailles-entre-marko-gazzotti-et-lachlan-swinton,2026-09-29T16:21:00,Le Rugbynistère,,https://www.lerugbynistere.fr/medias/55962/conversions/Couverture-Articles-2026---2026-09-29T154141.625-thumb.jpg
TOP 14. Du maintien aux demi-finales en un an : le Stade Français verrouille Paul Gustard,"Paul Gustard parti pour rester jusqu’en 2029 Le Stade Français a choisi de prolonger l’aventure avec Paul Gustard. Selon L’Équipe, l’entraîneur en chef anglais a trouvé un accord pour rester à Paris jusqu’en juin 2029. Arrivé en 2022 pour prendre en charge la défense , il est devenu entraîneur principal en octobre 2024, après le départ de Karim Ghezal.","Paul Gustard parti pour rester jusqu’en 2029 Le Stade Français a choisi de prolonger l’aventure avec Paul Gustard. Selon L’Équipe, l’entraîneur en chef anglais a trouvé un accord pour rester à Paris jusqu’en juin 2029. Arrivé en 2022 pour prendre en charge la défense , il est devenu entraîneur principal en octobre 2024, après le départ de Karim Ghezal.\n\nDu maintien aux demi-finales en douze mois La trajectoire parisienne éclaire cette décision. En juin 2025, le Stade Français avait dû attendre la 26e journée et une victoire 21-10 contre Castres pour assurer son maintien . Un an plus tard, les Soldats Roses terminaient troisièmes de la saison régulière avant de tomber en demi-finale contre Montpellier, 25-15.\n\nGustard a conservé son ADN de technicien défensif, mais Paris a progressivement élargi son registre. Le pack reste une base forte, entre pression dans les collisions et conquête, tandis que Louis Carbonel et les trois-quarts disposent de davantage d’occasions pour exploiter l’avancée. La saison dernière, Paris avait inscrit 869 points et 113 essais.\n\nUn staff construit autour de lui La continuité se voit aussi dans le staff 2026-2027. Morgan Parra dirige l’attaque, Rory Kockott la défense, Perry Freshwater les avants, Ian Vass les skills et Francisco Gomez Kodela la mêlée. Gustard constitue désormais le point fixe de cet encadrement.\n\nEt cette prolongation arrive dans un début de saison encore irrégulier. Après quatre journées, Paris compte deux victoires, deux défaites et neuf points, soit la huitième place. Le succès 31-10 contre Lyon a toutefois offert une réponse nette après les revers à Clermont et Bordeaux-Bègles.\n\nParis choisit la stabilité En liant Gustard jusqu’en 2029, le Stade Français donne du temps à l’homme qui a accompagné son passage d’une saison passée à jouer le maintien à une nouvelle présence dans le dernier carré. Une sacrée bascule en douze mois pour un technicien arrivé à Paris comme simple responsable de la défense.\n\nLe prochain chantier est désormais sportif : installer durablement Paris parmi les équipes qui jouent les phases finales, là où le club avait retrouvé sa place au printemps dernier.",https://www.lerugbynistere.fr/news/top-14-du-maintien-aux-demi-finales-en-un-an-le-stade-francais-verrouille-paul-gustard,2026-09-29T16:19:00,Le Rugbynistère,TOP14,https://www.lerugbynistere.fr/medias/55961/conversions/Couverture-Articles-2026-(2)-thumb.jpg
"48 % de possession, 6 essais et une équipe remaniée : ce que la victoire de Toulouse révèle de son véritable avantage","Toulouse leader malgré une équipe largement remaniée Le Stade Toulousain a repris la tête du Top 14 dès la 4e journée en dominant Montpellier 40-18 avec le bonus offensif. La soirée n’a pourtant pas commencé comme une promenade : Teddy Thomas a reçu un carton jaune dès la 3e minute, Alexandre Roumat un autre à la 15e. Toulouse a malgré tout inscrit six essais , dont deux par Antoine Dupont et deux","Toulouse leader malgré une équipe largement remaniée Le Stade Toulousain a repris la tête du Top 14 dès la 4e journée en dominant Montpellier 40-18 avec le bonus offensif. La soirée n’a pourtant pas commencé comme une promenade : Teddy Thomas a reçu un carton jaune dès la 3e minute, Alexandre Roumat un autre à la 15e. Toulouse a malgré tout inscrit six essais , dont deux par Antoine Dupont et deux par Thomas, pour monter à 15 points au classement.\n\nDerrière ce nouveau résultat fleuve à la piaule, un contexte très particuliers pour les Rouge et Noir : une vingtaine de blessés avant le coup d'envoi. Emmanuel Meafou, François Cros, Jack Willis et Pierre-Louis Barassi, tous titulaires lors de la finale gagnée contre Montpellier le 27 juin, manquaient à l’appel. Anthony Jelonch était également indisponible. Résultat : seulement sept titulaires de cette finale figuraient encore dans le XV de départ dimanche. Toulouse avait changé plus de la moitié de son équipe.\n\nLa vraie richesse de Toulouse se trouve dans les repères Réduire cette victoire à la profondeur du vestiaire serait pourtant passer à côté du sujet. Toulouse a gagné avec 48 % de possession et 48 % d’occupation , tout en réussissant 160 plaquages et en marquant six essais. Les Rouge et Noir n’ont pas eu besoin de monopoliser le ballon pour conserver leur identité, avec 163 passes recensées par la LNR. Preuve une fois de plus de l'efficacité toulousaine.\n\nC’est là que la mécanique toulousaine devient intéressante. Efrain Elias, répertorié deuxième ligne, a débuté avec le numéro 7. Théo Ntamack occupait le numéro 8 et Kalvin Gourgues était aligné au centre. Trois profils dans des rôles importants, sans impression de plan de jeu bricolé. Deux jours avant le match, Clément Poitrenaud expliquait que le staff travaillait davantage « le rôle qu’ils pouvaient avoir sur le terrain en fonction des zones ».\n\nÀ Toulouse, le système commence dès l’école de rugby Cette continuité commence bien avant l’équipe première. Poitrenaud expliquait aussi que les enfants de six, sept ou huit ans sont déjà encouragés à jouer debout , se faire des passes, prendre les duels et travailler les offloads. Les entraîneurs professionnels échangent avec ceux des catégories de jeunes pour entretenir cette culture. Quand un joueur monte d’un étage, le vocabulaire rugbystique lui est donc déjà familier.\n\nDimanche, le banc comptait Romeo Bonnard Martin, Marc-Elie Kouassi, Matias Remue et Tomas Rapetti. Aucun n’était dans le groupe de la finale trois mois plus tôt. Et Toulouse n’a pas refermé le jeu lorsqu’ils sont entrés. Ils se sont mis au diapason de leurs coéquipiers. La profondeur toulousaine tient aussi à cette capacité à faire entrer des profils différents dans des repères déjà installés. Et le pire dans tous ça pour les futurs adversaires du Stade, c'est que ce temps de jeu gratté en début de saison sera certainement un plus cet hiver et au printemps. Un mal pour bien côté côté toulousain.\n\nUne force qui pèsera encore pendant les doublons Pour les concurrents, le problème dépasse la simple comparaison des effectifs. Toulouse est déjà leader alors qu’Ugo Mola décrivait début septembre son « back five » comme la zone la plus tendue du groupe. Samedi, il faudra enchaîner à Castres. Autre décor, autre combat. Mais après quatre journées, le champion de France a déjà montré pourquoi ses absences se voient parfois moins que chez les autres.\n\nEt de 4 ! Sans compter les articles sur Pimienta et sur Castres qui tournent aussi autour de Toulouse ...\n\nD'après Caudullo, cela révèle surtout que Toulouse a été avantagé par les arbitres...",https://www.lerugbynistere.fr/news/48-de-possession-6-essais-et-une-equipe-remaniee-ce-que-la-victoire-de-toulouse-revele-de-son-veritable-avantage,2026-09-29T15:39:00,Le Rugbynistère,TOP14,https://www.lerugbynistere.fr/medias/55959/conversions/Couverture-Articles-2026-(3)-thumb.jpg
Scarlets ou Ospreys : le rugby gallois ne laissera qu’une seule place dans l’ouest à partir de 2028,"Une seule licence pour Scarlets et Ospreys Le rugby gallois s’approche d’un nouveau virage. La WRU maintient son projet de passer de quatre à trois équipes professionnelles à partir de 2028-2029 , avec une licence à Cardiff, une à l’est et une à l’ouest. Cardiff et les Dragons doivent recevoir les deux premières, sous réserve d’accepter les conditions finales. Scarlets et Ospreys se retrouvent don","Une seule licence pour Scarlets et Ospreys Le rugby gallois s’approche d’un nouveau virage. La WRU maintient son projet de passer de quatre à trois équipes professionnelles à partir de 2028-2029 , avec une licence à Cardiff, une à l’est et une à l’ouest. Cardiff et les Dragons doivent recevoir les deux premières, sous réserve d’accepter les conditions finales. Scarlets et Ospreys se retrouvent donc en concurrence pour la dernière.\n\nÀ Llanelli, ce scénario passe mal. Le président Simon Muderack assure que les Scarlets « ne vont nulle part », tandis que Nigel Davies refuse d’en faire une guerre de voisinage. Selon lui, les supporters des deux camps souhaitent conserver les deux équipes. Leur confrontation se joue d’abord avec la WRU.\n\nParc y Scarlets comme argument L’argument des Scarlets dépasse leur palmarès. Parc y Scarlets compte 15 000 places, appartient au club et accueille ses installations d’entraînement. Avant la réception de Cardiff, 2 600 joueurs passés par le club ont également reçu un numéro individuel. Un détail cérémonial qui résume assez bien ce que Llanelli estime défendre.\n\nEt le mécanisme choisi par la fédération rend l’affaire particulière. La WRU précise que seules les équipes professionnelles actuelles pourront prétendre aux futures licences. Cela écarte donc, dans le cadre annoncé, la création d’une franchise entièrement nouvelle dans l’ouest. Muderack rejette d’ailleurs l’idée d’un hypothétique « West Wales Warriors ».\n\nQuinze miles et beaucoup plus que cela Scarlets et Ospreys ne sont séparés que d’une vingtaine de kilomètres. Mais réduire le dossier à une carte routière oublierait une partie de l’histoire. Le stade de Llanelli avait justement été construit lors d’une précédente période de consolidation du rugby gallois. Pour les dirigeants du club, il constituait déjà une stratégie de survie.\n\nLe calendrier ajoute de la pression. L’accord PRA25 garantit aux quatre équipes une stabilité financière jusqu’en juin 2028 . Le processus des futures licences doit commencer en décembre 2026 et s’achever au plus tard à la fin de la saison 2026-2027. La question accompagnera donc les deux clubs pendant une bonne partie des prochains mois.\n\nLe voisin n’est pas l’ennemi La WRU justifie la réduction par ses contraintes financières et sa volonté de concentrer ses ressources. Les Scarlets demandent, eux, que la discussion commence par les moyens de préserver quatre équipes. Et dans l’ouest gallois, le prochain derby risque désormais de peser bien au-delà du classement.",https://www.lerugbynistere.fr/news/scarlets-ou-ospreys-le-rugby-gallois-ne-laissera-quune-seule-place-dans-louest-a-partir-de-2028,2026-09-29T15:10:00,Le Rugbynistère,,https://www.lerugbynistere.fr/medias/55960/conversions/Couverture-Articles-2026-(1)-thumb.jpg
"USAP : « Je savais qu'on allait gagner », Labit après la victoire face à l'UBB","TOP 14 USAP : « Je savais qu'on allait gagner », Labit après la victoire face à l'UBB Une semaine seulement après une lourde désillusion, l'USAP a affiché un tout autre visage contre Bordeaux. Et pour Laurent Labit, les signes du rebond étaient déjà visibles bien avant le coup d'envoi.","TOP 14 USAP : « Je savais qu'on allait gagner », Labit après la victoire face à l'UBB Une semaine seulement après une lourde désillusion, l'USAP a affiché un tout autre visage contre Bordeaux. Et pour Laurent Labit, les signes du rebond étaient déjà visibles bien avant le coup d'envoi.\n\n‎Cette prise de parole musclée n'avait pas vocation à accabler l'effectif, mais à provoquer une remise en question avant la réception d'un adversaire du calibre de l'Union Bordeaux-Bègles. Les jours qui ont suivi ont convaincu Laurent Labit que son groupe avait compris le message. Après la victoire, il l'a reconnu avec le sourire.\n\n‎« Avant même le match, je savais qu’on allait gagner. Les joueurs avaient très bien travaillé, il y avait une très bonne énergie. À Montpellier, on était davantage dans une démarche de faire son match au détriment de l’équipe. Là, tout le monde était recentré sur le collectif. Il y a eu toutes ces situations où Bordeaux a eu la main sur le ballon, ses trois passages dans l’en-but, le carton, l’enchaînement des blessures. Tous ces moments négatifs, l’équipe a su les convertir en des choses positives ».\n\nAprès la claque reçue à Montpellier, Laurent Labit a secoué son groupe. Une semaine plus tard, l'USAP a répondu en dominant Bordeaux. Le manager catalan assure même avoir senti dès l'entraînement que ses joueurs étaient prêts à rebondir.",https://www.quinzemondial.com/actualites/usap-je-savais-quon-allait-gagner-labit-apres-la-victoire-face-a-lubb-828420,2026-09-29T19:35:00,Quinze Mondial,TOP14,https://media.quinzemondial.com/9/2026/09/photo_article/828420/389659/1200-L-usap-je-savais-qu-on-allait-gagner-labit-aprs-la-victoire-face-l-ubb.jpg
Tirer sous pression: comparer les moments à haute tension dans les tournois de rugby et de football,"Tirer sous pression: comparer les moments à haute tension dans les tournois de rugby et de football Certains matchs se jouent pendant quatre-vingt-dix minutes pour le football ou quatre-vingts pour le rugby, avant de se décider en une fraction de seconde.","Tirer sous pression: comparer les moments à haute tension dans les tournois de rugby et de football Certains matchs se jouent pendant quatre-vingt-dix minutes pour le football ou quatre-vingts pour le rugby, avant de se décider en une fraction de seconde.\n\nAu fil des ans, de nombreuses confrontations se sont jouées dans les tout derniers instants, aussi bien sur les terrains de football que de rugby. Un penalty transformé sur le fil ou une pénalité passée dans les ultimes secondes a bouleversé le destin de matchs âprement disputés et souvent imprévisibles, confirmant à quel point les détails font toute la différence. C'est précisément cette incertitude qui captive les passionnés de Betsson parier en ligne , capables de suivre chaque rebondissement avec une intensité décuplée grâce aux plateformes numériques et aux applications mobiles, qui proposent aujourd'hui des paris en direct pendant le déroulement de la rencontre.\n\nCoupe du monde en Afrique du Sud, 2010, quarts de finale : le Ghana est le dernier représentant africain en lice dans la seule et unique Coupe du monde jamais organisée sur le continent. Face à l'Uruguay, les deux équipes se neutralisent en prolongation (1-1) et, à la toute, littéralement à la dernière seconde, le ballon de la qualification s'apprête à franchir la ligne. Pour l'arrêter par un réflexe désespéré de la main sur sa propre ligne de but, Luis Suárez écope d'un carton rouge direct et concède un penalty. Avec le poids de tout un continent sur les épaules, Asamoah Gyan s'avance et expédie le cuir au-dessus de la barre transversale. La séance des tirs au but sourira finalement à l'Uruguay, laissant l'Afrique entière le souffle coupé. Cet arrêt illégal, qui continue de faire couler beaucoup d'encre, reste l'emblème absolu de la façon dont un seul instant peut condamner ou sauver toute une épopée.\n\nLa finale de la Coupe du monde de rugby 2003, à Sydney, est sans doute la plus célèbre de l'histoire. L'Angleterre et l'Australie se retrouvent à égalité parfaite au terme de la prolongation, incapables de se départager. À vingt secondes du terme, alors que l'hypothèse d'une épreuve de force supplémentaire se précise, Jonny Wilkinson s'empare du ballon et décoche un drop du pied droit, son mauvais pied. Le cuir fend l'air et passe pile entre les perches : c'est le geste qui offre à l'Angleterre son premier et unique titre mondial à ce jour, propulsant Wilkinson au rang de légende du sport britannique. Quatre-vingt minutes de guerre des tranchées condensées en trois secondes de lucidité absolue, avec ce ballon ovale qui dessine une parabole entrée à jamais dans les annales.\n\nLusail, 18 décembre 2022 : l'une des finales les plus spectaculaires de l'histoire du football. L'Argentine et la France s'affrontent dans un match aux mille rebondissements, marqué par trois penalties sifflés et transformés en l'espace de 120 minutes, deux pour Kylian Mbappé, auteur d'un triplé historique, et un pour Lionel Messi. Le score de 3-3 au terme de la prolongation envoie les deux géants à l'épreuve des tirs au but, où l'Albiceleste a finalement le dernier mot. C'est le premier et unique sacre mondial de Messi, l'apogée d'une carrière immense, conquis au sommet d'une tension palpable à chaque frappe.\n\nIl existe enfin une finale qui a transcendé les frontières du sport. Coupe du monde de rugby 1995 , la première disputée par l'Afrique du Sud post-apartheid, avec Nelson Mandela en tribune arborant fièrement le maillot des Springboks. Face aux immenses favoris néo-zélandais emmenés par Jonah Lomu, le score est verrouillé à l'issue de la prolongation. Le sort du match bascule sur un drop de l'ouvreur Joel Stransky, qui scelle la victoire 15-12 et un triomphe chargé d'une portée politique et sociale immense : tout un pays, en quête de réconciliation, se retrouve l'espace d'un instant uni autour d'un ballon ovale.\n\nQuatre finales, quatre sommets du sport, une seule et unique leçon: il suffit parfois d'un simple coup de pied pour réécrire l'histoire. Des moments suspendus qui continuent de hanter la mémoire des passionnés et d'alimenter les nombreux récits dédiés aux grandes épopées du rugby, où chaque finale mondiale trouve sa place parmi les souvenirs les plus précieux de ce sport.",https://www.quinzemondial.com/actualites/tirer-sous-pression-comparer-les-moments-a-haute-tension-dans-les-tournois-de-rugby-et-de-football-828411,2026-09-29T14:53:00,Quinze Mondial,,https://media.quinzemondial.com/9/2026/09/photo_article/828411/389656/1200-L-tirer-sous-pression-comparer-les-moments-haute-tension-dans-les-tournois-de-rugby-et-de-football.jpg
"Nouvelle-Zélande : l'hécatombe continue, deux cadres forfaits avant la Bledisloe Cup","INTERNATIONAL Nouvelle-Zélande : l'hécatombe continue, deux cadres forfaits avant la Bledisloe Cup À l'approche des retrouvailles avec l'Australie, la Nouvelle-Zélande voit sa liste de blessés s'allonger encore. Malgré le retour de deux joueurs d'expérience, les All Blacks devront composer avec plusieurs absences de poids pour défendre leur suprématie.","INTERNATIONAL Nouvelle-Zélande : l'hécatombe continue, deux cadres forfaits avant la Bledisloe Cup À l'approche des retrouvailles avec l'Australie, la Nouvelle-Zélande voit sa liste de blessés s'allonger encore. Malgré le retour de deux joueurs d'expérience, les All Blacks devront composer avec plusieurs absences de poids pour défendre leur suprématie.\n\nCes nouveaux forfaits s'ajoutent à une série de blessures touchant plusieurs cadres et internationaux expérimentés. Ardie Savea, Luke Jacobson, Anton Lienert-Brown, Billy Proctor, Caleb Clarke et Ollie Norris figurent notamment parmi les joueurs actuellement indisponibles. Cette accumulation de pépins physiques oblige le sélectionneur Dave Rennie à revoir ses plans à quelques semaines d'un rendez-vous majeur du calendrier. En l'absence de Ruben Love, Richie Mo'unga apparaît comme le candidat naturel pour prendre les commandes du jeu néo-zélandais.\n\nAu milieu de cette vague de mauvaises nouvelles, le camp néo-zélandais peut néanmoins compter sur deux retours attendus. Scott Barrett retrouve le groupe après une longue absence marquée par une opération du dos. Son expérience et son leadership constituent un renfort de premier ordre pour le paquet d'avants. Shannon Frizell effectue également son retour dans l'environnement des All Blacks, une première depuis 2023. Ces deux renforts tombent à point nommé.\n\nLa Nouvelle-Zélande enregistre deux nouveaux forfaits avec Ruben Love et Patrick Tuipulotu avant les tests de Bledisloe Cup face à l'Australie. Malgré les retours de Scott Barrett et Shannon Frizell, l'infirmerie des All Blacks continue de s'allonger.",https://www.quinzemondial.com/actualites/nouvelle-zelande-lhecatombe-continue-deux-cadres-forfaits-avant-la-bledisloe-cup-828398,2026-09-29T14:09:00,Quinze Mondial,,https://media.quinzemondial.com/9/2026/09/photo_article/828398/389650/1200-L-nouvelle-zlande-l-hcatombe-continue-deux-cadres-forfaits-avant-la-bledisloe-cup.jpg
