competitionCode,homeShortName,awayShortName,matchday,kickoffAt,status,homeScore,awayScore,homeTries,awayTries
PREM,BAT,EXE,20260613,2026-06-13T14:00:00,FINISHED,26,27,,
PREM,EXE,BAT,20260510,2026-05-10T14:30:00,FINISHED,35,12,,
PREM,EXE,BAT,20260221,2026-02-21T16:30:00,FINISHED,31,19,,
PREM,BAT,EXE,20260103,2026-01-03T15:05:00,FINISHED,33,26,,
PREM,BAT,EXE,20250920,2025-09-20T14:05:00,FINISHED,14,23,,
PREM,EXE,BAT,20250419,2025-04-19T14:00:00,FINISHED,24,26,,
PREM,EXE,BAT,20250316,2025-03-16T12:00:00,FINISHED,14,48,,
PREM,BAT,EXE,20241130,2024-11-30T17:45:00,FINISHED,19,15,,
PREM,EXE,BAT,20240420,2024-04-20T16:30:00,FINISHED,14,26,,
PREM,BAT,EXE,20231202,2023-12-02T15:00:00,FINISHED,41,24,,
PREM,BAT,EXE,20231007,2023-10-07T13:00:00,FINISHED,34,14,,
PREM,BAT,EXE,20230326,2023-03-26T14:00:00,FINISHED,36,19,,
PREM,EXE,BAT,20221224,2022-12-24T15:00:00,FINISHED,20,15,,
PREM,EXE,BAT,20221126,2022-11-26T15:00:00,FINISHED,25,22,,
PREM,EXE,BAT,20220402,2022-04-02T14:00:00,FINISHED,42,22,,
PREM,BAT,EXE,20211229,2021-12-29T19:45:00,FINISHED,0,28,,
PREM,BAT,EXE,20211126,2021-11-26T19:45:00,FINISHED,16,23,,
PREM,BAT,EXE,20210306,2021-03-06T15:00:00,FINISHED,16,38,,
PREM,EXE,BAT,20201128,2020-11-28T17:30:00,FINISHED,40,3,,
PREM,EXE,BAT,20201010,2020-10-10T15:30:00,FINISHED,35,6,,
PREM,EXE,BAT,20200307,2020-03-07T14:30:00,FINISHED,57,20,,
PREM,BAT,EXE,20191025,2019-10-25T18:45:00,FINISHED,13,10,,
PREM,EXE,BAT,20190921,2019-09-21T14:00:00,FINISHED,28,14,,
PREM,EXE,BAT,20190324,2019-03-24T15:00:00,FINISHED,29,10,,
PREM,EXE,BAT,20181103,2018-11-03T13:00:00,FINISHED,25,18,,
PREM,BAT,EXE,20181005,2018-10-05T18:45:00,FINISHED,24,39,,
PREM,BAT,EXE,20180323,2018-03-23T19:45:00,FINISHED,18,20,,
PREM,EXE,BAT,20171202,2017-12-02T14:00:00,FINISHED,42,29,,
PREM,BAT,EXE,20161231,2016-12-31T15:00:00,FINISHED,11,17,,
PREM,EXE,BAT,20161030,2016-10-30T15:00:00,FINISHED,10,13,,
PREM,EXE,BAT,20160228,2016-02-28T13:00:00,FINISHED,26,17,,
PREM,BAT,EXE,20151017,2015-10-17T13:00:00,FINISHED,19,17,,
PREM,EXE,BAT,20150228,2015-02-28T15:15:00,FINISHED,16,6,,
PREM,BAT,EXE,20141227,2014-12-27T14:00:00,FINISHED,31,14,,
PREM,EXE,BAT,20140215,2014-02-15T15:15:00,FINISHED,23,27,,
PREM,BAT,EXE,20131130,2013-11-30T15:15:00,FINISHED,21,16,,
PREM,EXE,BAT,20121229,2012-12-29T15:00:00,FINISHED,12,12,,
PREM,BAT,EXE,20121027,2012-10-27T13:30:00,FINISHED,23,15,,
PREM,EXE,BAT,20120225,2012-02-25T18:00:00,FINISHED,9,12,,
PREM,BAT,EXE,20110917,2011-09-17T16:30:00,FINISHED,23,19,,
PREM,BAT,EXE,20110409,2011-04-09T13:30:00,FINISHED,26,18,,
PREM,EXE,BAT,20110226,2011-02-26T20:00:00,FINISHED,9,12,,
PREM,NOR,BRS,20260515,2026-05-15T18:45:00,FINISHED,94,33,,
PREM,BRS,NOR,20251129,2025-11-29T17:45:00,FINISHED,46,12,,
PREM,NOR,BRS,20250426,2025-04-26T16:30:00,FINISHED,48,31,,
PREM,BRS,NOR,20241025,2024-10-25T18:45:00,FINISHED,31,23,,
PREM,BRS,NOR,20240322,2024-03-22T19:45:00,FINISHED,52,21,,
PREM,NOR,BRS,20231021,2023-10-21T14:00:00,FINISHED,27,33,,
PREM,BRS,NOR,20230923,2023-09-23T13:30:00,FINISHED,39,38,,
PREM,BRS,NOR,20230303,2023-03-03T19:45:00,FINISHED,62,8,,
PREM,NOR,BRS,20221029,2022-10-29T14:00:00,FINISHED,45,31,,
PREM,NOR,BRS,20220402,2022-04-02T14:00:00,FINISHED,39,22,,
PREM,BRS,NOR,20211126,2021-11-26T19:45:00,FINISHED,20,36,,
PREM,NOR,BRS,20210321,2021-03-21T15:00:00,FINISHED,21,28,,
PREM,BRS,NOR,20201204,2020-12-04T19:45:00,FINISHED,18,17,,
PREM,BRS,NOR,20200908,2020-09-08T18:45:00,FINISHED,47,10,,
PREM,NOR,BRS,20200216,2020-02-16T15:00:00,FINISHED,14,20,,
PREM,NOR,BRS,20190309,2019-03-09T14:45:00,FINISHED,24,26,,
PREM,NOR,BRS,20181027,2018-10-27T13:00:00,FINISHED,51,24,,
PREM,BRS,NOR,20180929,2018-09-29T14:00:00,FINISHED,40,45,,
PREM,NOR,BRS,20170107,2017-01-07T15:00:00,FINISHED,32,26,,
PREM,BRS,NOR,20160911,2016-09-11T14:00:00,FINISHED,10,32,,
PREM,NOR,BRS,20090103,2009-01-03T15:00:00,FINISHED,30,8,,
PREM,BRS,NOR,20081116,2008-11-16T15:00:00,FINISHED,14,13,,
PREM,HAR,GLO,20260321,2026-03-21T15:00:00,FINISHED,19,26,,
PREM,GLO,HAR,20251129,2025-11-29T15:00:00,FINISHED,26,15,,
PREM,HAR,GLO,20250510,2025-05-10T16:30:00,FINISHED,38,19,,
PREM,GLO,HAR,20241220,2024-12-20T19:45:00,FINISHED,14,0,,
PREM,HAR,GLO,20231230,2023-12-30T17:30:00,FINISHED,32,26,,
PREM,GLO,HAR,20231014,2023-10-14T13:00:00,FINISHED,29,28,,
PREM,GLO,HAR,20230922,2023-09-22T18:45:00,FINISHED,25,17,,
PREM,GLO,HAR,20230217,2023-02-17T19:45:00,FINISHED,28,26,,
PREM,HAR,GLO,20221125,2022-11-25T19:45:00,FINISHED,21,12,,
PREM,HAR,GLO,20220521,2022-05-21T14:00:00,FINISHED,28,24,,
PREM,GLO,HAR,20220102,2022-01-02T15:00:00,FINISHED,17,20,,
PREM,HAR,GLO,20210320,2021-03-20T14:00:00,FINISHED,59,24,,
PREM,GLO,HAR,20201206,2020-12-06T16:15:00,FINISHED,24,34,,
PREM,GLO,HAR,20200914,2020-09-14T18:45:00,FINISHED,15,28,,
PREM,HAR,GLO,20191201,2019-12-01T15:00:00,FINISHED,23,19,,
PREM,HAR,GLO,20191005,2019-10-05T14:00:00,FINISHED,40,31,,
PREM,HAR,GLO,20190310,2019-03-10T13:00:00,FINISHED,7,29,,
PREM,GLO,HAR,20180929,2018-09-29T14:00:00,FINISHED,25,27,,
PREM,GLO,HAR,20180414,2018-04-14T14:00:00,FINISHED,37,9,,
PREM,HAR,GLO,20170909,2017-09-09T14:00:00,FINISHED,28,17,,
PREM,GLO,HAR,20170304,2017-03-04T15:00:00,FINISHED,27,30,,
PREM,HAR,GLO,20161227,2016-12-27T16:00:00,FINISHED,28,24,,
PREM,GLO,HAR,20160213,2016-02-13T15:00:00,FINISHED,28,6,,
PREM,HAR,GLO,20151227,2015-12-27T16:30:00,FINISHED,39,39,,
PREM,HAR,GLO,20150411,2015-04-11T14:00:00,FINISHED,29,26,,
PREM,GLO,HAR,20150207,2015-02-07T15:00:00,FINISHED,25,7,,
PREM,GLO,HAR,20141114,2014-11-14T19:45:00,FINISHED,15,22,,
PREM,GLO,HAR,20140222,2014-02-22T14:00:00,FINISHED,25,20,,
PREM,HAR,GLO,20131123,2013-11-23T15:00:00,FINISHED,27,19,,
PREM,GLO,HAR,20130329,2013-03-29T19:45:00,FINISHED,17,15,,
PREM,HAR,GLO,20121103,2012-11-03T17:15:00,FINISHED,28,25,,
PREM,GLO,HAR,20120225,2012-02-25T18:00:00,FINISHED,29,23,,
PREM,HAR,GLO,20120114,2012-01-14T18:00:00,FINISHED,20,14,,
PREM,GLO,HAR,20111119,2011-11-19T15:40:00,FINISHED,9,28,,
PREM,HAR,GLO,20110917,2011-09-17T14:00:00,FINISHED,42,6,,
PREM,HAR,GLO,20110326,2011-03-26T14:15:00,FINISHED,53,15,,
PREM,GLO,HAR,20101023,2010-10-23T14:00:00,FINISHED,33,26,,
PREM,GLO,HAR,20100213,2010-02-13T15:00:00,FINISHED,46,6,,
PREM,HAR,GLO,20091128,2009-11-28T15:00:00,FINISHED,35,29,,
PREM,HAR,GLO,20090221,2009-02-21T14:45:00,FINISHED,14,9,,
PREM,GLO,HAR,20080920,2008-09-20T14:00:00,FINISHED,24,20,,
PREM,LEIC,NEW,20260912,2026-09-12T14:00:00,FINISHED,24,36,,
PREM,LEIC,NEW,20260418,2026-04-18T14:00:00,FINISHED,62,3,,
PREM,LEIC,NEW,20260206,2026-02-06T19:45:00,FINISHED,28,19,,
PREM,NEW,LEIC,20251128,2025-11-28T19:45:00,FINISHED,17,39,,
PREM,NEW,LEIC,20251031,2025-10-31T19:45:00,FINISHED,8,10,,
PREM,LEIC,NEW,20250531,2025-05-31T14:05:00,FINISHED,42,20,,
PREM,NEW,LEIC,20241005,2024-10-05T16:30:00,FINISHED,10,42,,
PREM,NEW,LEIC,20240329,2024-03-29T19:45:00,FINISHED,13,19,,
PREM,LEIC,NEW,20231203,2023-12-03T15:00:00,FINISHED,47,3,,
PREM,LEIC,NEW,20230930,2023-09-30T14:00:00,FINISHED,60,7,,
PREM,NEW,LEIC,20230107,2023-01-07T14:00:00,FINISHED,45,26,,
PREM,LEIC,NEW,20221019,2022-10-19T18:00:00,FINISHED,31,32,,
PREM,LEIC,NEW,20220917,2022-09-17T14:00:00,FINISHED,36,21,,
PREM,NEW,LEIC,20220521,2022-05-21T14:00:00,FINISHED,5,27,,
PREM,NEW,LEIC,20220318,2022-03-18T19:45:00,FINISHED,36,28,,
PREM,LEIC,NEW,20220102,2022-01-02T15:00:00,FINISHED,31,0,,
PREM,LEIC,NEW,20210328,2021-03-28T14:00:00,FINISHED,26,12,,
PREM,NEW,LEIC,20190412,2019-04-12T18:45:00,FINISHED,22,27,,
PREM,LEIC,NEW,20180908,2018-09-08T14:00:00,FINISHED,49,33,,
PREM,LEIC,NEW,20180427,2018-04-27T18:45:00,FINISHED,23,25,,
PREM,NEW,LEIC,20171029,2017-10-29T15:00:00,FINISHED,13,30,,
PREM,LEIC,NEW,20170415,2017-04-15T14:00:00,FINISHED,30,3,,
PREM,NEW,LEIC,20160918,2016-09-18T14:00:00,FINISHED,13,14,,
PREM,NEW,LEIC,20160212,2016-02-12T19:45:00,FINISHED,26,14,,
PREM,LEIC,NEW,20151226,2015-12-26T15:00:00,FINISHED,22,10,,
PREM,NEW,LEIC,20150308,2015-03-08T15:00:00,FINISHED,12,16,,
PREM,LEIC,NEW,20140906,2014-09-06T14:00:00,FINISHED,36,17,,
PREM,NEW,LEIC,20140302,2014-03-02T14:00:00,FINISHED,18,41,,
PREM,LEIC,NEW,20130921,2013-09-21T14:00:00,FINISHED,31,6,,
PREM,LEIC,NEW,20120225,2012-02-25T15:00:00,FINISHED,42,15,,
PREM,NEW,LEIC,20110917,2011-09-17T14:05:00,FINISHED,26,27,,
PREM,NEW,LEIC,20110422,2011-04-22T17:00:00,FINISHED,13,24,,
PREM,LEIC,NEW,20101127,2010-11-27T15:00:00,FINISHED,44,19,,
PREM,NEW,LEIC,20100418,2010-04-18T14:00:00,FINISHED,7,31,,
PREM,LEIC,NEW,20090919,2009-09-19T15:35:00,FINISHED,15,6,,
PREM,NEW,LEIC,20090327,2009-03-27T20:00:00,FINISHED,14,10,,
PREM,LEIC,NEW,20081220,2008-12-20T13:30:00,FINISHED,20,3,,
PREM,SAL,SAR,20260419,2026-04-19T14:00:00,FINISHED,19,85,,
PREM,SAR,SAL,20251018,2025-10-18T16:30:00,FINISHED,65,14,,
PREM,SAL,SAR,20250425,2025-04-25T18:45:00,FINISHED,25,7,,
PREM,SAR,SAL,20240928,2024-09-28T14:05:00,FINISHED,45,26,,
PREM,SAR,SAL,20240518,2024-05-18T14:05:00,FINISHED,10,20,,
PREM,SAL,SAR,20231222,2023-12-22T19:45:00,FINISHED,22,20,,
PREM,SAR,SAL,20230527,2023-05-27T14:00:00,FINISHED,35,25,,
PREM,SAL,SAR,20230305,2023-03-05T15:00:00,FINISHED,35,24,,
PREM,SAR,SAL,20221030,2022-10-30T15:00:00,FINISHED,33,22,,
PREM,SAL,SAR,20220401,2022-04-01T18:45:00,FINISHED,12,18,,
PREM,SAR,SAL,20211128,2021-11-28T15:00:00,FINISHED,25,14,,
PREM,SAL,SAR,20200909,2020-09-09T17:00:00,FINISHED,24,17,,
PREM,SAR,SAL,20200215,2020-02-15T15:00:00,FINISHED,36,22,,
PREM,SAL,SAR,20200207,2020-02-07T19:45:00,FINISHED,28,7,,
PREM,SAR,SAL,20190928,2019-09-28T14:00:00,FINISHED,17,36,,
PREM,SAL,SAR,20190104,2019-01-04T19:45:00,FINISHED,24,18,,
PREM,SAR,SAL,20181117,2018-11-17T13:00:00,FINISHED,31,25,,
PREM,SAL,SAR,20181102,2018-11-02T20:00:00,FINISHED,15,15,,
PREM,SAL,SAR,20180216,2018-02-16T19:45:00,FINISHED,3,13,,
PREM,SAR,SAL,20170923,2017-09-23T14:00:00,FINISHED,41,13,,
PREM,SAR,SAL,20170225,2017-02-25T14:45:00,FINISHED,29,18,,
PREM,SAL,SAR,20161120,2016-11-20T13:00:00,FINISHED,13,28,,
PREM,SAL,SAR,20160227,2016-02-27T13:00:00,FINISHED,36,36,,
PREM,SAR,SAL,20151017,2015-10-17T13:00:00,FINISHED,41,3,,
PREM,SAL,SAR,20150221,2015-02-21T14:00:00,FINISHED,14,10,,
PREM,SAR,SAL,20140927,2014-09-27T14:00:00,FINISHED,40,19,,
PREM,SAL,SAR,20140214,2014-02-14T19:45:00,FINISHED,10,15,,
PREM,SAR,SAL,20131130,2013-11-30T15:00:00,FINISHED,24,19,,
PREM,SAR,SAL,20130106,2013-01-06T15:00:00,FINISHED,32,12,,
PREM,SAL,SAR,20120908,2012-09-08T15:30:00,FINISHED,16,23,,
PREM,SAL,SAR,20120323,2012-03-23T19:45:00,FINISHED,9,45,,
PREM,SAR,SAL,20111106,2011-11-06T15:00:00,FINISHED,23,10,,
PREM,SAL,SAR,20110102,2011-01-02T14:00:00,FINISHED,28,22,,
PREM,SAR,SAL,20100912,2010-09-12T14:00:00,FINISHED,28,13,,
PREM,SAL,SAR,20100409,2010-04-09T18:45:00,FINISHED,19,30,,
PREM,SAR,SAL,20091205,2009-12-05T17:35:00,FINISHED,15,13,,
PREM,SAR,SAL,20090301,2009-03-01T15:00:00,FINISHED,24,23,,
PREM,SAL,SAR,20080912,2008-09-12T18:45:00,FINISHED,18,15,,
PREM,GLO,LEIC,20260328,2026-03-28T13:00:00,FINISHED,17,36,,
PREM,LEIC,GLO,20251219,2025-12-19T19:45:00,FINISHED,45,14,,
PREM,GLO,LEIC,20250125,2025-01-25T15:05:00,FINISHED,38,31,,
PREM,LEIC,GLO,20241020,2024-10-20T14:00:00,FINISHED,29,26,,
PREM,LEIC,GLO,20240322,2024-03-22T19:45:00,FINISHED,25,27,,
PREM,GLO,LEIC,20240315,2024-03-15T19:45:00,FINISHED,23,13,,
PREM,GLO,LEIC,20231125,2023-11-25T14:30:00,FINISHED,20,38,,
PREM,GLO,LEIC,20230312,2023-03-12T13:00:00,FINISHED,5,26,,
PREM,LEIC,GLO,20221224,2022-12-24T15:00:00,FINISHED,28,13,,
PREM,LEIC,GLO,20220226,2022-02-26T15:00:00,FINISHED,35,23,,
PREM,GLO,LEIC,20210924,2021-09-24T18:45:00,FINISHED,26,33,,
PREM,GLO,LEIC,20210313,2021-03-13T15:00:00,FINISHED,14,20,,
PREM,LEIC,GLO,20201121,2020-11-21T15:00:00,FINISHED,38,15,,
PREM,GLO,LEIC,20200830,2020-08-30T15:30:00,FINISHED,46,30,,
PREM,LEIC,GLO,20191102,2019-11-02T15:00:00,FINISHED,16,13,,
PREM,LEIC,GLO,20190105,2019-01-05T15:00:00,FINISHED,34,16,,
PREM,GLO,LEIC,20181116,2018-11-16T19:45:00,FINISHED,36,13,,
PREM,GLO,LEIC,20180210,2018-02-10T14:30:00,FINISHED,24,17,,
PREM,LEIC,GLO,20170916,2017-09-16T14:00:00,FINISHED,24,10,,
PREM,LEIC,GLO,20170211,2017-02-11T15:00:00,FINISHED,34,9,,
PREM,GLO,LEIC,20160902,2016-09-02T18:45:00,FINISHED,31,38,,
PREM,LEIC,GLO,20160402,2016-04-02T14:15:00,FINISHED,35,30,,
PREM,GLO,LEIC,20160130,2016-01-30T15:00:00,FINISHED,18,19,,
PREM,LEIC,GLO,20150213,2015-02-13T19:45:00,FINISHED,18,15,,
PREM,GLO,LEIC,20141004,2014-10-04T14:15:00,FINISHED,33,16,,
PREM,LEIC,GLO,20140216,2014-02-16T14:00:00,FINISHED,11,8,,
PREM,GLO,LEIC,20131129,2013-11-29T19:45:00,FINISHED,17,22,,
PREM,LEIC,GLO,20121229,2012-12-29T17:00:00,FINISHED,17,12,,
PREM,GLO,LEIC,20121027,2012-10-27T15:45:00,FINISHED,27,21,,
PREM,LEIC,GLO,20120304,2012-03-04T13:00:00,FINISHED,36,3,,
PREM,GLO,LEIC,20111126,2011-11-26T14:15:00,FINISHED,14,19,,
PREM,LEIC,GLO,20110416,2011-04-16T14:00:00,FINISHED,41,41,,
PREM,GLO,LEIC,20101030,2010-10-30T16:30:00,FINISHED,19,12,,
PREM,LEIC,GLO,20100220,2010-02-20T15:00:00,FINISHED,33,11,,
PREM,GLO,LEIC,20091120,2009-11-20T19:45:00,FINISHED,12,9,,
PREM,LEIC,GLO,20090307,2009-03-07T14:45:00,FINISHED,24,10,,
PREM,GLO,LEIC,20080907,2008-09-07T15:00:00,FINISHED,8,20,,
PREM,NOR,BAT,20260425,2026-04-25T16:30:00,FINISHED,41,38,,
PREM,BAT,NOR,20251227,2025-12-27T17:30:00,FINISHED,21,41,,
PREM,NOR,BAT,20250105,2025-01-05T15:00:00,FINISHED,35,34,,
PREM,BAT,NOR,20240920,2024-09-20T18:45:00,FINISHED,38,16,,
PREM,NOR,BAT,20240608,2024-06-08T14:00:00,FINISHED,25,21,,
PREM,BAT,NOR,20240518,2024-05-18T14:05:00,FINISHED,43,12,,
PREM,NOR,BAT,20231104,2023-11-04T15:00:00,FINISHED,24,18,,
PREM,NOR,BAT,20230930,2023-09-30T14:00:00,FINISHED,43,42,,
PREM,NOR,BAT,20230310,2023-03-10T19:45:00,FINISHED,45,26,,
PREM,BAT,NOR,20221022,2022-10-22T14:00:00,FINISHED,27,14,,
PREM,BAT,NOR,20220423,2022-04-23T14:00:00,FINISHED,31,36,,
PREM,NOR,BAT,20211204,2021-12-04T15:00:00,FINISHED,40,19,,
PREM,BAT,NOR,20210612,2021-06-12T14:00:00,FINISHED,30,24,,
PREM,NOR,BAT,20210228,2021-02-28T13:00:00,FINISHED,22,23,,
PREM,NOR,BAT,20200826,2020-08-26T18:45:00,FINISHED,3,18,,
PREM,BAT,NOR,20191109,2019-11-09T15:00:00,FINISHED,22,13,,
PREM,NOR,BAT,20190223,2019-02-23T14:45:00,FINISHED,27,26,,
PREM,BAT,NOR,20180922,2018-09-22T14:00:00,FINISHED,17,15,,
PREM,BAT,NOR,20180209,2018-02-09T19:45:00,FINISHED,32,9,,
PREM,NOR,BAT,20170915,2017-09-15T18:45:00,FINISHED,24,6,,
PREM,BAT,NOR,20170210,2017-02-10T19:45:00,FINISHED,32,30,,
PREM,NOR,BAT,20160903,2016-09-03T14:30:00,FINISHED,14,18,,
PREM,NOR,BAT,20160430,2016-04-30T14:15:00,FINISHED,15,14,,
PREM,BAT,NOR,20151205,2015-12-05T15:15:00,FINISHED,11,13,,
PREM,BAT,NOR,20150221,2015-02-21T15:15:00,FINISHED,13,21,,
PREM,NOR,BAT,20140927,2014-09-27T14:15:00,FINISHED,31,24,,
PREM,BAT,NOR,20140502,2014-05-02T18:45:00,FINISHED,19,19,,
PREM,NOR,BAT,20131228,2013-12-28T15:00:00,FINISHED,43,25,,
PREM,NOR,BAT,20130223,2013-02-23T15:00:00,FINISHED,25,23,,
PREM,BAT,NOR,20120914,2012-09-14T18:45:00,FINISHED,14,18,,
PREM,BAT,NOR,20120331,2012-03-31T16:30:00,FINISHED,6,26,,
PREM,NOR,BAT,20111224,2011-12-24T15:15:00,FINISHED,22,13,,
PREM,BAT,NOR,20110219,2011-02-19T15:00:00,FINISHED,38,8,,
PREM,NOR,BAT,20100917,2010-09-17T18:45:00,FINISHED,31,10,,
PREM,BAT,NOR,20100420,2010-04-20T19:00:00,FINISHED,21,20,,
PREM,NOR,BAT,20091205,2009-12-05T15:00:00,FINISHED,15,13,,
PREM,BAT,NOR,20081227,2008-12-27T14:15:00,FINISHED,25,14,,
PREM,NOR,BAT,20081122,2008-11-22T13:00:00,FINISHED,28,28,,
PREM,BRS,SAR,20260509,2026-05-09T16:30:00,FINISHED,26,41,,
PREM,SAR,BRS,20251004,2025-10-04T16:30:00,FINISHED,50,17,,
PREM,SAR,BRS,20250104,2025-01-04T17:30:00,FINISHED,35,26,,
PREM,BRS,SAR,20241019,2024-10-19T14:05:00,FINISHED,35,37,,
PREM,BRS,SAR,20240511,2024-05-11T14:05:00,FINISHED,20,41,,
PREM,SAR,BRS,20231125,2023-11-25T15:00:00,FINISHED,39,31,,
PREM,SAR,BRS,20230128,2023-01-28T15:00:00,FINISHED,20,19,,
PREM,BRS,SAR,20221105,2022-11-05T17:00:00,FINISHED,10,25,,
PREM,SAR,BRS,20220326,2022-03-26T15:00:00,FINISHED,27,23,,
PREM,BRS,SAR,20210917,2021-09-17T18:45:00,FINISHED,9,26,,
PREM,BRS,SAR,20200815,2020-08-15T15:30:00,FINISHED,16,12,,
PREM,SAR,BRS,20191221,2019-12-21T15:00:00,FINISHED,47,13,,
PREM,BRS,SAR,20190413,2019-04-13T16:30:00,FINISHED,23,21,,
PREM,SAR,BRS,20180908,2018-09-08T14:00:00,FINISHED,44,23,,
PREM,SAR,BRS,20170429,2017-04-29T14:00:00,FINISHED,27,9,,
PREM,BRS,SAR,20160930,2016-09-30T18:45:00,FINISHED,0,39,,
PREM,SAR,BRS,20090111,2009-01-11T15:00:00,FINISHED,37,13,,
PREM,BRS,SAR,20081001,2008-10-01T18:45:00,FINISHED,16,23,,
PREM,HAR,SAL,20260425,2026-04-25T14:00:00,FINISHED,33,52,,
PREM,SAL,HAR,20251226,2025-12-26T17:30:00,FINISHED,43,17,,
PREM,HAR,SAL,20250419,2025-04-19T14:05:00,FINISHED,29,43,,
PREM,SAL,HAR,20240922,2024-09-22T14:00:00,FINISHED,12,11,,
PREM,SAL,HAR,20240421,2024-04-21T14:00:00,FINISHED,37,31,,
PREM,HAR,SAL,20231201,2023-12-01T19:45:00,FINISHED,36,3,,
PREM,HAR,SAL,20230108,2023-01-08T15:00:00,FINISHED,16,24,,
PREM,SAL,HAR,20221118,2022-11-18T19:45:00,FINISHED,40,19,,
PREM,SAL,HAR,20221023,2022-10-23T14:00:00,FINISHED,13,29,,
PREM,HAR,SAL,20220329,2022-03-29T18:45:00,FINISHED,29,34,,
PREM,HAR,SAL,20220206,2022-02-06T13:00:00,FINISHED,14,36,,
PREM,SAL,HAR,20211015,2021-10-15T18:45:00,FINISHED,28,22,,
PREM,SAL,HAR,20210604,2021-06-04T18:45:00,FINISHED,45,12,,
PREM,HAR,SAL,20210220,2021-02-20T13:00:00,FINISHED,24,12,,
PREM,SAL,HAR,20200921,2020-09-21T18:45:00,FINISHED,27,19,,
PREM,HAR,SAL,20200814,2020-08-14T18:45:00,FINISHED,16,10,,
PREM,SAL,HAR,20200103,2020-01-03T19:45:00,FINISHED,48,10,,
PREM,SAL,HAR,20190405,2019-04-05T18:45:00,FINISHED,28,17,,
PREM,HAR,SAL,20180901,2018-09-01T14:00:00,FINISHED,51,23,,
PREM,SAL,HAR,20180106,2018-01-06T15:00:00,FINISHED,30,29,,
PREM,HAR,SAL,20171006,2017-10-06T18:45:00,FINISHED,42,26,,
PREM,HAR,SAL,20170107,2017-01-07T15:00:00,FINISHED,29,26,,
PREM,SAL,HAR,20160909,2016-09-09T19:15:00,FINISHED,19,10,,
PREM,SAL,HAR,20160305,2016-03-05T14:30:00,FINISHED,29,23,,
PREM,HAR,SAL,20151106,2015-11-06T19:45:00,FINISHED,16,14,,
PREM,SAL,HAR,20150425,2015-04-25T13:00:00,FINISHED,23,25,,
PREM,HAR,SAL,20141121,2014-11-21T19:45:00,FINISHED,12,16,,
PREM,SAL,HAR,20140411,2014-04-11T18:45:00,FINISHED,12,27,,
PREM,HAR,SAL,20131026,2013-10-26T14:00:00,FINISHED,24,3,,
PREM,SAL,HAR,20130222,2013-02-22T20:00:00,FINISHED,21,30,,
PREM,HAR,SAL,20120915,2012-09-15T14:00:00,FINISHED,37,14,,
PREM,SAL,HAR,20120505,2012-05-05T13:00:00,FINISHED,10,24,,
PREM,HAR,SAL,20111001,2011-10-01T14:00:00,FINISHED,48,41,,
PREM,HAR,SAL,20110219,2011-02-19T15:00:00,FINISHED,21,9,,
PREM,SAL,HAR,20100917,2010-09-17T18:45:00,FINISHED,21,17,,
PREM,HAR,SAL,20100508,2010-05-08T14:00:00,FINISHED,35,20,,
PREM,SAL,HAR,20100101,2010-01-01T17:30:00,FINISHED,21,16,,
PREM,SAL,HAR,20090417,2009-04-17T18:45:00,FINISHED,28,6,,
PREM,HAR,SAL,20090322,2009-03-22T15:00:00,FINISHED,38,20,,
PREM,NEW,EXE,20260327,2026-03-27T19:45:00,FINISHED,14,38,,
PREM,EXE,NEW,20251004,2025-10-04T14:00:00,FINISHED,38,15,,
PREM,EXE,NEW,20250329,2025-03-29T15:00:00,FINISHED,17,15,,
PREM,NEW,EXE,20241018,2024-10-18T18:45:00,FINISHED,24,18,,
PREM,EXE,NEW,20240323,2024-03-23T15:00:00,FINISHED,25,16,,
PREM,NEW,EXE,20231126,2023-11-26T15:00:00,FINISHED,14,20,,
PREM,EXE,NEW,20230311,2023-03-11T14:30:00,FINISHED,24,5,,
PREM,NEW,EXE,20221125,2022-11-25T19:45:00,FINISHED,24,21,,
PREM,NEW,EXE,20220220,2022-02-20T15:00:00,FINISHED,14,15,,
PREM,EXE,NEW,20211106,2021-11-06T17:30:00,FINISHED,14,15,,
PREM,EXE,NEW,20210530,2021-05-30T12:30:00,FINISHED,74,3,,
PREM,NEW,EXE,20210207,2021-02-07T13:00:00,FINISHED,9,15,,
PREM,EXE,NEW,20190223,2019-02-23T14:30:00,FINISHED,35,17,,
PREM,NEW,EXE,20181028,2018-10-28T15:00:00,FINISHED,22,22,,
PREM,NEW,EXE,20180921,2018-09-21T18:45:00,FINISHED,17,24,,
PREM,EXE,NEW,20180519,2018-05-19T14:30:00,FINISHED,36,5,,
PREM,NEW,EXE,20180107,2018-01-07T15:00:00,FINISHED,28,20,,
PREM,EXE,NEW,20171007,2017-10-07T14:00:00,FINISHED,34,24,,
PREM,EXE,NEW,20170225,2017-02-25T15:00:00,FINISHED,36,14,,
PREM,NEW,EXE,20161118,2016-11-18T20:00:00,FINISHED,19,32,,
PREM,EXE,NEW,20160312,2016-03-12T15:00:00,FINISHED,32,17,,
PREM,NEW,EXE,20151101,2015-11-01T13:00:00,FINISHED,3,41,,
PREM,EXE,NEW,20150214,2015-02-14T16:30:00,FINISHED,46,17,,
PREM,NEW,EXE,20141005,2014-10-05T14:00:00,FINISHED,29,24,,
PREM,NEW,EXE,20140510,2014-05-10T14:15:00,FINISHED,13,23,,
PREM,EXE,NEW,20131221,2013-12-21T15:00:00,FINISHED,16,3,,
PREM,NEW,EXE,20120107,2012-01-07T15:00:00,FINISHED,10,16,,
PREM,EXE,NEW,20110910,2011-09-10T14:00:00,FINISHED,32,15,,
PREM,NEW,EXE,20110218,2011-02-18T20:00:00,FINISHED,13,23,,
PREM,EXE,NEW,20100918,2010-09-18T14:00:00,FINISHED,22,17,,
PREM,NEW,SAL,20260530,2026-05-30T18:45:00,FINISHED,45,42,,
PREM,SAL,NEW,20251010,2025-10-10T18:45:00,FINISHED,57,5,,
PREM,NEW,SAL,20250321,2025-03-21T19:45:00,FINISHED,15,39,,
PREM,SAL,NEW,20250216,2025-02-16T15:00:00,FINISHED,19,17,,
PREM,NEW,SAL,20241122,2024-11-22T19:45:00,FINISHED,28,27,,
PREM,SAL,NEW,20241011,2024-10-11T18:45:00,FINISHED,43,10,,
PREM,NEW,SAL,20240428,2024-04-28T14:00:00,FINISHED,14,35,,
PREM,SAL,NEW,20231117,2023-11-17T19:45:00,FINISHED,40,22,,
PREM,NEW,SAL,20230922,2023-09-22T18:45:00,FINISHED,23,10,,
PREM,SAL,NEW,20230506,2023-05-06T15:00:00,FINISHED,54,12,,
PREM,NEW,SAL,20221223,2022-12-23T19:45:00,FINISHED,20,14,,
PREM,NEW,SAL,20220927,2022-09-27T18:45:00,FINISHED,21,29,,
PREM,SAL,NEW,20220429,2022-04-29T18:45:00,FINISHED,35,27,,
PREM,NEW,SAL,20211226,2021-12-26T15:00:00,FINISHED,20,0,,
PREM,SAL,NEW,20211119,2021-11-19T19:45:00,FINISHED,25,20,,
PREM,SAL,NEW,20210305,2021-03-05T20:00:00,FINISHED,31,16,,
PREM,NEW,SAL,20201127,2020-11-27T19:45:00,FINISHED,15,13,,
PREM,NEW,SAL,20190323,2019-03-23T17:30:00,FINISHED,22,17,,
PREM,SAL,NEW,20190203,2019-02-03T15:00:00,FINISHED,12,28,,
PREM,SAL,NEW,20181006,2018-10-06T14:00:00,FINISHED,20,7,,
PREM,NEW,SAL,20180413,2018-04-13T18:45:00,FINISHED,35,30,,
PREM,SAL,NEW,20170908,2017-09-08T18:45:00,FINISHED,12,13,,
PREM,SAL,NEW,20170210,2017-02-10T20:15:00,FINISHED,26,24,,
PREM,NEW,SAL,20160902,2016-09-02T19:00:00,FINISHED,19,17,,
PREM,NEW,SAL,20160507,2016-05-07T14:30:00,FINISHED,15,21,,
PREM,SAL,NEW,20151128,2015-11-28T14:30:00,FINISHED,15,15,,
PREM,SAL,NEW,20150509,2015-05-09T13:00:00,FINISHED,34,28,,
PREM,NEW,SAL,20141130,2014-11-30T15:15:00,FINISHED,13,18,,
PREM,NEW,SAL,20140103,2014-01-03T19:45:00,FINISHED,8,16,,
PREM,SAL,NEW,20130913,2013-09-13T19:00:00,FINISHED,14,15,,
PREM,NEW,SAL,20120330,2012-03-30T19:00:00,FINISHED,22,19,,
PREM,SAL,NEW,20111226,2011-12-26T14:30:00,FINISHED,27,19,,
PREM,NEW,SAL,20110107,2011-01-07T19:45:00,FINISHED,19,19,,
PREM,SAL,NEW,20100903,2010-09-03T18:45:00,FINISHED,35,18,,
PREM,SAL,NEW,20100423,2010-04-23T18:45:00,FINISHED,30,32,,
PREM,NEW,SAL,20090913,2009-09-13T13:00:00,FINISHED,16,16,,
PREM,SAL,NEW,20090308,2009-03-08T13:15:00,FINISHED,25,32,,
PREM,NEW,SAL,20080907,2008-09-07T14:00:00,FINISHED,9,14,,
PREM,BAT,GLO,20260228,2026-02-28T15:05:00,FINISHED,38,26,,
PREM,GLO,BAT,20260123,2026-01-23T19:45:00,FINISHED,26,30,,
PREM,GLO,BAT,20251114,2025-11-14T19:30:00,FINISHED,19,17,,
PREM,BAT,GLO,20251011,2025-10-11T16:30:00,FINISHED,38,17,,
PREM,BAT,GLO,20250323,2025-03-23T15:00:00,FINISHED,42,26,,
PREM,GLO,BAT,20241012,2024-10-12T14:05:00,FINISHED,31,55,,
PREM,BAT,GLO,20240107,2024-01-07T15:00:00,FINISHED,17,10,,
PREM,GLO,BAT,20231110,2023-11-10T19:45:00,FINISHED,27,45,,
PREM,GLO,BAT,20230414,2023-04-14T18:45:00,FINISHED,24,33,,
PREM,BAT,GLO,20221008,2022-10-08T14:00:00,FINISHED,17,21,,
PREM,BAT,GLO,20220928,2022-09-28T18:45:00,FINISHED,15,29,,
PREM,GLO,BAT,20220430,2022-04-30T14:00:00,FINISHED,64,0,,
PREM,BAT,GLO,20211226,2021-12-26T16:30:00,FINISHED,20,40,,
PREM,GLO,BAT,20211112,2021-11-12T19:45:00,FINISHED,71,10,,
PREM,BAT,GLO,20210219,2021-02-19T19:45:00,FINISHED,16,14,,
PREM,BAT,GLO,20200922,2020-09-22T16:30:00,FINISHED,31,20,,
PREM,GLO,BAT,20200104,2020-01-04T15:00:00,FINISHED,29,15,,
PREM,GLO,BAT,20191011,2019-10-11T18:45:00,FINISHED,24,26,,
PREM,GLO,BAT,20190413,2019-04-13T14:00:00,FINISHED,27,23,,
PREM,BAT,GLO,20190204,2019-02-04T19:30:00,FINISHED,52,0,,
PREM,BAT,GLO,20180908,2018-09-08T15:30:00,FINISHED,31,31,,
PREM,GLO,BAT,20180428,2018-04-28T14:00:00,FINISHED,20,43,,
PREM,BAT,GLO,20171029,2017-10-29T15:00:00,FINISHED,21,22,,
PREM,BAT,GLO,20170430,2017-04-30T14:00:00,FINISHED,44,20,,
PREM,GLO,BAT,20161001,2016-10-01T14:00:00,FINISHED,6,15,,
PREM,GLO,BAT,20160326,2016-03-26T17:30:00,FINISHED,12,17,,
PREM,BAT,GLO,20160205,2016-02-05T19:45:00,FINISHED,11,15,,
PREM,BAT,GLO,20150516,2015-05-16T14:30:00,FINISHED,50,30,,
PREM,GLO,BAT,20141220,2014-12-20T17:30:00,FINISHED,16,39,,
PREM,GLO,BAT,20140412,2014-04-12T14:15:00,FINISHED,17,18,,
PREM,BAT,GLO,20131025,2013-10-25T18:45:00,FINISHED,15,13,,
PREM,BAT,GLO,20130301,2013-03-01T20:00:00,FINISHED,31,25,,
PREM,GLO,BAT,20121006,2012-10-06T13:15:00,FINISHED,16,10,,
PREM,BAT,GLO,20120218,2012-02-18T14:30:00,FINISHED,11,14,,
PREM,GLO,BAT,20110924,2011-09-24T14:00:00,FINISHED,23,6,,
PREM,GLO,BAT,20110305,2011-03-05T13:00:00,FINISHED,34,22,,
PREM,BAT,GLO,20101001,2010-10-01T19:05:00,FINISHED,3,18,,
PREM,BAT,GLO,20091227,2009-12-27T14:15:00,FINISHED,24,8,,
PREM,GLO,BAT,20090906,2009-09-06T14:30:00,FINISHED,24,5,,
PREM,GLO,BAT,20090228,2009-02-28T15:00:00,FINISHED,36,27,,
PREM,BAT,GLO,20080912,2008-09-12T13:45:00,FINISHED,17,21,,
PREM,NOR,LEIC,20260612,2026-06-12T18:45:00,FINISHED,45,31,,
PREM,LEIC,NOR,20260509,2026-05-09T14:05:00,FINISHED,41,17,,
PREM,NOR,LEIC,20260131,2026-01-31T15:05:00,FINISHED,40,22,,
PREM,LEIC,NOR,20251121,2025-11-21T19:30:00,FINISHED,34,22,,
PREM,NOR,LEIC,20251011,2025-10-11T14:05:00,FINISHED,32,26,,
PREM,NOR,LEIC,20250321,2025-03-21T19:45:00,FINISHED,0,33,,
PREM,LEIC,NOR,20250201,2025-02-01T15:00:00,FINISHED,54,33,,
PREM,NOR,LEIC,20241101,2024-11-01T19:45:00,FINISHED,31,12,,
PREM,LEIC,NOR,20241012,2024-10-12T16:30:00,FINISHED,24,8,,
PREM,NOR,LEIC,20240420,2024-04-20T14:05:00,FINISHED,40,17,,
PREM,LEIC,NOR,20231118,2023-11-18T15:05:00,FINISHED,26,17,,
PREM,LEIC,NOR,20230128,2023-01-28T14:00:00,FINISHED,18,19,,
PREM,NOR,LEIC,20220924,2022-09-24T14:00:00,FINISHED,21,41,,
PREM,LEIC,NOR,20220611,2022-06-11T15:30:00,FINISHED,27,14,,
PREM,LEIC,NOR,20220211,2022-02-11T19:45:00,FINISHED,35,20,,
PREM,NOR,LEIC,20211030,2021-10-30T14:00:00,FINISHED,26,55,,
PREM,LEIC,NOR,20210424,2021-04-24T14:00:00,FINISHED,18,23,,
PREM,LEIC,NOR,20200913,2020-09-13T13:00:00,FINISHED,28,24,,
PREM,NOR,LEIC,20191130,2019-11-30T15:00:00,FINISHED,36,13,,
PREM,LEIC,NOR,20191012,2019-10-12T14:00:00,FINISHED,22,31,,
PREM,LEIC,NOR,20190322,2019-03-22T19:45:00,FINISHED,15,29,,
PREM,NOR,LEIC,20190126,2019-01-26T15:00:00,FINISHED,47,20,,
PREM,NOR,LEIC,20181006,2018-10-06T14:00:00,FINISHED,15,23,,
PREM,LEIC,NOR,20180414,2018-04-14T14:00:00,FINISHED,21,27,,
PREM,NOR,LEIC,20170909,2017-09-09T15:30:00,FINISHED,24,11,,
PREM,NOR,LEIC,20170325,2017-03-25T15:00:00,FINISHED,31,36,,
PREM,LEIC,NOR,20161203,2016-12-03T17:00:00,FINISHED,19,11,,
PREM,NOR,LEIC,20160416,2016-04-16T16:30:00,FINISHED,24,30,,
PREM,LEIC,NOR,20160109,2016-01-09T15:15:00,FINISHED,30,27,,
PREM,LEIC,NOR,20150516,2015-05-16T14:30:00,FINISHED,22,14,,
PREM,NOR,LEIC,20141220,2014-12-20T15:15:00,FINISHED,23,19,,
PREM,NOR,LEIC,20140516,2014-05-16T18:45:00,FINISHED,21,20,,
PREM,NOR,LEIC,20140329,2014-03-29T15:15:00,FINISHED,16,22,,
PREM,LEIC,NOR,20131005,2013-10-05T14:15:00,FINISHED,19,19,,
PREM,LEIC,NOR,20130525,2013-05-25T14:00:00,FINISHED,37,17,,
PREM,NOR,LEIC,20130330,2013-03-30T15:00:00,FINISHED,8,36,,
PREM,LEIC,NOR,20121103,2012-11-03T14:15:00,FINISHED,16,12,,
PREM,NOR,LEIC,20120414,2012-04-14T13:15:00,FINISHED,21,35,,
PREM,LEIC,NOR,20111203,2011-12-03T14:15:00,FINISHED,30,25,,
PREM,LEIC,NOR,20110514,2011-05-14T14:15:00,FINISHED,11,3,,
PREM,LEIC,NOR,20110108,2011-01-08T17:00:00,FINISHED,27,16,,
PREM,NOR,LEIC,20100905,2010-09-05T14:00:00,FINISHED,27,19,,
PREM,NOR,LEIC,20100227,2010-02-27T18:00:00,FINISHED,19,3,,
PREM,LEIC,NOR,20091031,2009-10-31T17:35:00,FINISHED,29,15,,
PREM,NOR,LEIC,20090110,2009-01-10T17:00:00,FINISHED,17,13,,
PREM,LEIC,NOR,20081001,2008-10-01T18:45:00,FINISHED,29,19,,
PREM,EXE,BRS,20260912,2026-09-12T14:00:00,FINISHED,45,21,,
PREM,BRS,EXE,20260207,2026-02-07T14:00:00,FINISHED,35,46,,
PREM,EXE,BRS,20260124,2026-01-24T15:00:00,FINISHED,3,8,,
PREM,EXE,BRS,20251122,2025-11-22T15:00:00,FINISHED,22,17,,
PREM,BRS,EXE,20251011,2025-10-11T14:00:00,FINISHED,18,14,,
PREM,BRS,EXE,20250322,2025-03-22T17:30:00,FINISHED,52,38,,
PREM,EXE,BRS,20241012,2024-10-12T14:00:00,FINISHED,35,40,,
PREM,BRS,EXE,20231229,2023-12-29T19:45:00,FINISHED,14,24,,
PREM,EXE,BRS,20231105,2023-11-05T15:00:00,FINISHED,29,20,,
PREM,EXE,BRS,20230909,2023-09-09T14:00:00,FINISHED,75,0,,
PREM,EXE,BRS,20230422,2023-04-22T14:00:00,FINISHED,22,21,,
PREM,BRS,EXE,20221007,2022-10-07T18:45:00,FINISHED,14,50,,
PREM,BRS,EXE,20220928,2022-09-28T18:45:00,FINISHED,20,35,,
PREM,BRS,EXE,20220520,2022-05-20T18:45:00,FINISHED,40,33,,
PREM,EXE,BRS,20220101,2022-01-01T16:30:00,FINISHED,19,13,,
PREM,EXE,BRS,20211113,2021-11-13T15:00:00,FINISHED,27,33,,
PREM,BRS,EXE,20210423,2021-04-23T18:45:00,FINISHED,12,20,,
PREM,EXE,BRS,20210109,2021-01-09T16:30:00,FINISHED,7,20,,
PREM,BRS,EXE,20200825,2020-08-25T18:45:00,FINISHED,22,25,,
PREM,EXE,BRS,20191110,2019-11-10T15:00:00,FINISHED,17,20,,
PREM,EXE,BRS,20191012,2019-10-12T14:00:00,FINISHED,42,19,,
PREM,BRS,EXE,20190126,2019-01-26T15:00:00,FINISHED,10,12,,
PREM,EXE,BRS,20190105,2019-01-05T15:00:00,FINISHED,14,9,,
PREM,BRS,EXE,20181118,2018-11-18T15:00:00,FINISHED,29,31,,
PREM,EXE,BRS,20170408,2017-04-08T14:00:00,FINISHED,38,34,,
PREM,BRS,EXE,20160923,2016-09-23T18:45:00,FINISHED,17,41,,
PREM,SAR,HAR,20260530,2026-05-30T12:00:00,FINISHED,26,12,,
PREM,SAR,HAR,20260207,2026-02-07T14:30:00,FINISHED,40,43,,
PREM,HAR,SAR,20251116,2025-11-16T15:00:00,FINISHED,21,46,,
PREM,HAR,SAR,20251012,2025-10-12T14:00:00,FINISHED,20,14,,
PREM,SAR,HAR,20250322,2025-03-22T15:05:00,FINISHED,12,23,,
PREM,HAR,SAR,20250215,2025-02-15T15:05:00,FINISHED,29,30,,
PREM,SAR,HAR,20241123,2024-11-23T15:00:00,FINISHED,28,26,,
PREM,HAR,SAR,20241013,2024-10-13T14:00:00,FINISHED,17,10,,
PREM,SAR,HAR,20240323,2024-03-23T15:05:00,FINISHED,52,7,,
PREM,HAR,SAR,20231118,2023-11-18T17:30:00,FINISHED,10,38,,
PREM,HAR,SAR,20231001,2023-10-01T13:30:00,FINISHED,36,29,,
PREM,SAR,HAR,20230325,2023-03-25T15:00:00,FINISHED,36,24,,
PREM,HAR,SAR,20220928,2022-09-28T18:30:00,FINISHED,40,31,,
PREM,HAR,SAR,20220917,2022-09-17T14:00:00,FINISHED,27,30,,
PREM,SAR,HAR,20220611,2022-06-11T12:30:00,FINISHED,34,17,,
PREM,SAR,HAR,20220213,2022-02-13T13:00:00,FINISHED,19,10,,
PREM,SAR,HAR,20211113,2021-11-13T14:30:00,FINISHED,28,21,,
PREM,HAR,SAR,20211031,2021-10-31T15:00:00,FINISHED,22,29,,
PREM,SAR,HAR,20200822,2020-08-22T11:30:00,FINISHED,38,24,,
PREM,HAR,SAR,20200126,2020-01-26T15:00:00,FINISHED,41,14,,
PREM,SAR,HAR,20191012,2019-10-12T14:00:00,FINISHED,28,21,,
PREM,SAR,HAR,20190323,2019-03-23T15:00:00,FINISHED,27,20,,
PREM,HAR,SAR,20190126,2019-01-26T15:00:00,FINISHED,12,32,,
PREM,HAR,SAR,20181006,2018-10-06T18:30:00,FINISHED,20,25,,
PREM,SAR,HAR,20180324,2018-03-24T15:00:00,FINISHED,24,11,,
PREM,HAR,SAR,20171203,2017-12-03T15:00:00,FINISHED,20,19,,
PREM,SAR,HAR,20171105,2017-11-05T15:00:00,FINISHED,29,30,,
PREM,SAR,HAR,20170408,2017-04-08T15:30:00,FINISHED,40,19,,
PREM,HAR,SAR,20160924,2016-09-24T14:00:00,FINISHED,17,10,,
PREM,SAR,HAR,20160416,2016-04-16T14:15:00,FINISHED,22,12,,
PREM,HAR,SAR,20160109,2016-01-09T15:00:00,FINISHED,29,23,,
PREM,SAR,HAR,20150328,2015-03-28T15:15:00,FINISHED,42,14,,
PREM,SAR,HAR,20141102,2014-11-02T13:00:00,FINISHED,25,20,,
PREM,HAR,SAR,20140912,2014-09-12T18:45:00,FINISHED,0,39,,
PREM,SAR,HAR,20140517,2014-05-17T13:00:00,FINISHED,31,17,,
PREM,SAR,HAR,20140322,2014-03-22T15:15:00,FINISHED,39,17,,
PREM,HAR,SAR,20130928,2013-09-28T14:15:00,FINISHED,12,22,,
PREM,SAR,HAR,20130324,2013-03-24T14:00:00,FINISHED,27,12,,
PREM,HAR,SAR,20120930,2012-09-30T13:00:00,FINISHED,16,18,,
PREM,SAR,HAR,20120331,2012-03-31T14:00:00,FINISHED,19,24,,
PREM,HAR,SAR,20111227,2011-12-27T16:30:00,FINISHED,11,19,,
PREM,HAR,SAR,20110507,2011-05-07T14:00:00,FINISHED,13,16,,
PREM,SAR,HAR,20101205,2010-12-05T14:15:00,FINISHED,26,14,,
PREM,SAR,HAR,20100417,2010-04-17T16:30:00,FINISHED,37,18,,
PREM,HAR,SAR,20090919,2009-09-19T13:00:00,FINISHED,9,22,,
PREM,HAR,SAR,20090307,2009-03-07T15:00:00,FINISHED,21,15,,
PREM,SAR,HAR,20080906,2008-09-06T16:00:00,FINISHED,21,24,,
PREM,LEIC,BRS,20260322,2026-03-22T15:00:00,FINISHED,33,19,,
PREM,BRS,LEIC,20250928,2025-09-28T14:30:00,FINISHED,42,24,,
PREM,BRS,LEIC,20250420,2025-04-20T14:00:00,FINISHED,19,36,,
PREM,LEIC,BRS,20241221,2024-12-21T15:05:00,FINISHED,24,54,,
PREM,LEIC,BRS,20240427,2024-04-27T14:00:00,FINISHED,19,21,,
PREM,BRS,LEIC,20231013,2023-10-13T18:45:00,FINISHED,25,14,,
PREM,LEIC,BRS,20230325,2023-03-25T12:30:00,FINISHED,46,24,,
PREM,BRS,LEIC,20221203,2022-12-03T20:00:00,FINISHED,26,26,,
PREM,LEIC,BRS,20220430,2022-04-30T14:00:00,FINISHED,56,26,,
PREM,BRS,LEIC,20211226,2021-12-26T14:00:00,FINISHED,26,28,,
PREM,LEIC,BRS,20210605,2021-06-05T14:00:00,FINISHED,23,26,,
PREM,BRS,LEIC,20210227,2021-02-27T13:00:00,FINISHED,17,3,,
PREM,BRS,LEIC,20200930,2020-09-30T16:30:00,FINISHED,40,3,,
PREM,LEIC,BRS,20200104,2020-01-04T13:00:00,FINISHED,31,18,,
PREM,LEIC,BRS,20190427,2019-04-27T14:00:00,FINISHED,20,23,,
PREM,BRS,LEIC,20181201,2018-12-01T13:00:00,FINISHED,41,10,,
PREM,LEIC,BRS,20170218,2017-02-18T15:00:00,FINISHED,50,17,,
PREM,BRS,LEIC,20161125,2016-11-25T19:45:00,FINISHED,16,21,,
PREM,LEIC,BRS,20090425,2009-04-25T14:00:00,FINISHED,73,3,,
PREM,BRS,LEIC,20090313,2009-03-13T19:45:00,FINISHED,17,23,,
PREM,NEW,SAR,20260130,2026-01-30T19:45:00,FINISHED,12,35,,
PREM,SAR,NEW,20260124,2026-01-24T15:00:00,FINISHED,73,14,,
PREM,SAR,NEW,20251122,2025-11-22T14:00:00,FINISHED,43,0,,
PREM,NEW,SAR,20250926,2025-09-26T18:45:00,FINISHED,17,39,,
PREM,SAR,NEW,20250510,2025-05-10T14:00:00,FINISHED,75,28,,
PREM,NEW,SAR,20241129,2024-11-29T19:45:00,FINISHED,17,12,,
PREM,SAR,NEW,20231230,2023-12-30T15:00:00,FINISHED,37,19,,
PREM,NEW,SAR,20231112,2023-11-12T15:00:00,FINISHED,12,50,,
PREM,SAR,NEW,20230225,2023-02-25T14:30:00,FINISHED,29,23,,
PREM,NEW,SAR,20221009,2022-10-09T14:00:00,FINISHED,14,34,,
PREM,NEW,SAR,20220312,2022-03-12T15:00:00,FINISHED,21,36,,
PREM,SAR,NEW,20211009,2021-10-09T14:00:00,FINISHED,37,23,,
PREM,SAR,NEW,20190406,2019-04-06T14:00:00,FINISHED,26,12,,
PREM,NEW,SAR,20180902,2018-09-02T14:00:00,FINISHED,21,32,,
PREM,SAR,NEW,20180210,2018-02-10T14:30:00,FINISHED,25,3,,
PREM,NEW,SAR,20170916,2017-09-16T21:00:00,FINISHED,7,29,,
PREM,NEW,SAR,20170305,2017-03-05T14:00:00,FINISHED,27,35,,
PREM,SAR,NEW,20161224,2016-12-24T13:30:00,FINISHED,21,6,,
PREM,SAR,NEW,20160501,2016-05-01T14:15:00,FINISHED,23,14,,
PREM,NEW,SAR,20151206,2015-12-06T15:00:00,FINISHED,3,38,,
PREM,SAR,NEW,20150228,2015-02-28T15:00:00,FINISHED,22,17,,
PREM,NEW,SAR,20141227,2014-12-27T15:00:00,FINISHED,23,25,,
PREM,NEW,SAR,20140420,2014-04-20T14:00:00,FINISHED,18,23,,
PREM,SAR,NEW,20131103,2013-11-03T15:00:00,FINISHED,40,3,,
PREM,NEW,SAR,20120420,2012-04-20T18:45:00,FINISHED,3,9,,
PREM,SAR,NEW,20111009,2011-10-09T14:00:00,FINISHED,25,5,,
PREM,SAR,NEW,20110327,2011-03-27T14:00:00,FINISHED,24,9,,
PREM,NEW,SAR,20101022,2010-10-22T19:00:00,FINISHED,13,15,,
PREM,SAR,NEW,20100328,2010-03-28T14:00:00,FINISHED,58,15,,
PREM,NEW,SAR,20091004,2009-10-04T14:00:00,FINISHED,15,22,,
PREM,NEW,SAR,20090220,2009-02-20T20:00:00,FINISHED,13,9,,
PREM,SAR,NEW,20080921,2008-09-21T14:00:00,FINISHED,44,14,,
PREM,HAR,EXE,20260516,2026-05-16T15:00:00,FINISHED,41,24,,
PREM,EXE,HAR,20251019,2025-10-19T14:00:00,FINISHED,38,0,,
PREM,HAR,EXE,20250518,2025-05-18T14:00:00,FINISHED,24,22,,
PREM,EXE,HAR,20241027,2024-10-27T15:00:00,FINISHED,19,36,,
PREM,EXE,HAR,20240511,2024-05-11T16:30:00,FINISHED,58,26,,
PREM,HAR,EXE,20231022,2023-10-22T14:00:00,FINISHED,22,14,,
PREM,HAR,EXE,20230304,2023-03-04T17:15:00,FINISHED,40,5,,
PREM,EXE,HAR,20220925,2022-09-25T14:00:00,FINISHED,43,42,,
PREM,EXE,HAR,20220604,2022-06-04T14:00:00,FINISHED,47,38,,
PREM,HAR,EXE,20220108,2022-01-08T15:00:00,FINISHED,14,12,,
PREM,EXE,HAR,20210626,2021-06-26T16:30:00,FINISHED,38,40,,
PREM,EXE,HAR,20210313,2021-03-13T12:30:00,FINISHED,21,20,,
PREM,HAR,EXE,20201120,2020-11-20T19:45:00,FINISHED,3,33,,
PREM,HAR,EXE,20200229,2020-02-29T15:00:00,FINISHED,34,30,,
PREM,EXE,HAR,20200202,2020-02-02T13:00:00,FINISHED,22,49,,
PREM,EXE,HAR,20191019,2019-10-19T14:00:00,FINISHED,22,19,,
PREM,EXE,HAR,20190427,2019-04-27T13:00:00,FINISHED,17,15,,
PREM,HAR,EXE,20181130,2018-11-30T19:45:00,FINISHED,28,26,,
PREM,EXE,HAR,20181110,2018-11-10T13:00:00,FINISHED,29,13,,
PREM,HAR,EXE,20180505,2018-05-05T15:00:00,FINISHED,17,41,,
PREM,EXE,HAR,20171119,2017-11-19T15:00:00,FINISHED,31,17,,
PREM,HAR,EXE,20170414,2017-04-14T18:45:00,FINISHED,26,39,,
PREM,EXE,HAR,20170312,2017-03-12T15:00:00,FINISHED,24,7,,
PREM,HAR,EXE,20161105,2016-11-05T17:30:00,FINISHED,29,15,,
PREM,EXE,HAR,20160917,2016-09-17T14:00:00,FINISHED,36,25,,
PREM,HAR,EXE,20160507,2016-05-07T14:30:00,FINISHED,24,62,,
PREM,EXE,HAR,20151128,2015-11-28T15:00:00,FINISHED,26,25,,
PREM,HAR,EXE,20150221,2015-02-21T15:00:00,FINISHED,21,32,,
PREM,EXE,HAR,20140928,2014-09-28T13:00:00,FINISHED,36,13,,
PREM,EXE,HAR,20140504,2014-05-04T13:00:00,FINISHED,29,30,,
PREM,HAR,EXE,20131228,2013-12-28T16:00:00,FINISHED,22,6,,
PREM,EXE,HAR,20131109,2013-11-09T15:00:00,FINISHED,19,5,,
PREM,HAR,EXE,20130302,2013-03-02T15:15:00,FINISHED,16,27,,
PREM,EXE,HAR,20121006,2012-10-06T14:00:00,FINISHED,42,28,,
PREM,EXE,HAR,20111231,2011-12-31T15:45:00,FINISHED,9,11,,
PREM,HAR,EXE,20111029,2011-10-29T14:00:00,FINISHED,19,13,,
PREM,EXE,HAR,20110212,2011-02-12T15:00:00,FINISHED,20,6,,
PREM,HAR,EXE,20100925,2010-09-25T14:00:00,FINISHED,40,13,,
PREM,SAL,BAT,20260906,2026-09-06T14:00:00,FINISHED,50,28,,
PREM,SAL,BAT,20260329,2026-03-29T14:00:00,FINISHED,26,31,,
PREM,SAL,BAT,20260208,2026-02-08T15:00:00,FINISHED,19,60,,
PREM,BAT,SAL,20251122,2025-11-22T15:00:00,FINISHED,20,0,,
PREM,BAT,SAL,20251003,2025-10-03T18:45:00,FINISHED,28,16,,
PREM,SAL,BAT,20250126,2025-01-26T15:00:00,FINISHED,23,32,,
PREM,BAT,SAL,20241026,2024-10-26T14:05:00,FINISHED,40,13,,
PREM,BAT,SAL,20240601,2024-06-01T14:30:00,FINISHED,31,23,,
PREM,BAT,SAL,20240324,2024-03-24T15:00:00,FINISHED,42,24,,
PREM,SAL,BAT,20231124,2023-11-24T19:45:00,FINISHED,11,9,,
PREM,SAL,BAT,20230127,2023-01-27T19:45:00,FINISHED,30,27,,
PREM,BAT,SAL,20220917,2022-09-17T14:00:00,FINISHED,20,37,,
PREM,BAT,SAL,20220326,2022-03-26T15:00:00,FINISHED,24,24,,
PREM,SAL,BAT,20210918,2021-09-18T16:00:00,FINISHED,20,19,,
PREM,BAT,SAL,20210514,2021-05-14T18:45:00,FINISHED,20,24,,
PREM,SAL,BAT,20210212,2021-02-12T20:00:00,FINISHED,22,27,,
PREM,SAL,BAT,20200913,2020-09-13T14:00:00,FINISHED,22,37,,
PREM,BAT,SAL,20191228,2019-12-28T15:00:00,FINISHED,16,14,,
PREM,SAL,BAT,20190426,2019-04-26T18:45:00,FINISHED,6,3,,
PREM,BAT,SAL,20181202,2018-12-02T15:00:00,FINISHED,7,7,,
PREM,BAT,SAL,20180224,2018-02-24T14:30:00,FINISHED,33,32,,
PREM,SAL,BAT,20171223,2017-12-23T15:00:00,FINISHED,32,9,,
PREM,SAL,BAT,20170506,2017-05-06T15:00:00,FINISHED,27,24,,
PREM,BAT,SAL,20161007,2016-10-07T18:45:00,FINISHED,30,3,,
PREM,BAT,SAL,20160423,2016-04-23T14:15:00,FINISHED,32,26,,
PREM,SAL,BAT,20160417,2016-04-17T13:30:00,FINISHED,29,17,,
PREM,BAT,SAL,20150306,2015-03-06T19:45:00,FINISHED,12,3,,
PREM,SAL,BAT,20140906,2014-09-06T13:00:00,FINISHED,20,29,,
PREM,BAT,SAL,20140328,2014-03-28T19:45:00,FINISHED,11,12,,
PREM,SAL,BAT,20131004,2013-10-04T18:45:00,FINISHED,19,13,,
PREM,SAL,BAT,20130322,2013-03-22T20:00:00,FINISHED,14,13,,
PREM,BAT,SAL,20120929,2012-09-29T13:15:00,FINISHED,31,10,,
PREM,SAL,BAT,20120413,2012-04-13T18:45:00,FINISHED,16,9,,
PREM,BAT,SAL,20111203,2011-12-03T14:15:00,FINISHED,13,16,,
PREM,SAL,BAT,20110211,2011-02-11T19:45:00,FINISHED,7,19,,
PREM,BAT,SAL,20100925,2010-09-25T13:15:00,FINISHED,31,16,,
PREM,BAT,SAL,20100417,2010-04-17T13:15:00,FINISHED,34,15,,
PREM,SAL,BAT,20090918,2009-09-18T17:45:00,FINISHED,12,25,,
PREM,SAL,BAT,20090327,2009-03-27T19:45:00,FINISHED,23,16,,
PREM,BAT,SAL,20081220,2008-12-20T14:45:00,FINISHED,24,20,,
PREM,NOR,GLO,20260530,2026-05-30T14:00:00,FINISHED,36,32,,
PREM,GLO,NOR,20251005,2025-10-05T14:00:00,FINISHED,35,37,,
PREM,GLO,NOR,20250531,2025-05-31T14:05:00,FINISHED,41,26,,
PREM,NOR,GLO,20241130,2024-11-30T15:00:00,FINISHED,17,25,,
PREM,NOR,GLO,20240511,2024-05-11T14:00:00,FINISHED,90,0,,
PREM,GLO,NOR,20231223,2023-12-23T15:00:00,FINISHED,29,31,,
PREM,NOR,GLO,20230225,2023-02-25T14:45:00,FINISHED,41,34,,
PREM,GLO,NOR,20221203,2022-12-03T17:30:00,FINISHED,34,19,,
PREM,GLO,NOR,20220305,2022-03-05T15:00:00,FINISHED,35,30,,
PREM,NOR,GLO,20210918,2021-09-18T14:00:00,FINISHED,34,20,,
PREM,NOR,GLO,20210508,2021-05-08T13:00:00,FINISHED,7,31,,
PREM,GLO,NOR,20210130,2021-01-30T15:00:00,FINISHED,26,31,,
PREM,GLO,NOR,20201004,2020-10-04T14:00:00,FINISHED,20,0,,
PREM,NOR,GLO,20191228,2019-12-28T14:00:00,FINISHED,33,26,,
PREM,NOR,GLO,20190407,2019-04-07T14:00:00,FINISHED,31,40,,
PREM,GLO,NOR,20181109,2018-11-09T19:45:00,FINISHED,14,12,,
PREM,GLO,NOR,20180901,2018-09-01T13:00:00,FINISHED,27,16,,
PREM,NOR,GLO,20180106,2018-01-06T15:00:00,FINISHED,22,19,,
PREM,GLO,NOR,20171007,2017-10-07T14:00:00,FINISHED,29,24,,
PREM,GLO,NOR,20170101,2017-01-01T15:00:00,FINISHED,12,13,,
PREM,NOR,GLO,20161028,2016-10-28T18:45:00,FINISHED,23,20,,
PREM,GLO,NOR,20160507,2016-05-07T14:30:00,FINISHED,20,28,,
PREM,NOR,GLO,20151127,2015-11-27T19:45:00,FINISHED,15,3,,
PREM,GLO,NOR,20150307,2015-03-07T15:15:00,FINISHED,33,33,,
PREM,NOR,GLO,20140905,2014-09-05T18:45:00,FINISHED,53,6,,
PREM,NOR,GLO,20140301,2014-03-01T15:15:00,FINISHED,39,13,,
PREM,GLO,NOR,20130921,2013-09-21T14:15:00,FINISHED,26,24,,
PREM,NOR,GLO,20130209,2013-02-09T12:30:00,FINISHED,11,27,,
PREM,GLO,NOR,20120901,2012-09-01T14:00:00,FINISHED,19,24,,
PREM,GLO,NOR,20120211,2012-02-11T14:15:00,FINISHED,27,24,,
PREM,NOR,GLO,20110904,2011-09-04T14:30:00,FINISHED,26,24,,
PREM,GLO,NOR,20110419,2011-04-19T18:45:00,FINISHED,27,15,,
PREM,NOR,GLO,20110226,2011-02-26T15:00:00,FINISHED,16,18,,
PREM,NOR,GLO,20100417,2010-04-17T14:00:00,FINISHED,38,23,,
PREM,GLO,NOR,20090919,2009-09-19T13:00:00,FINISHED,14,27,,
PREM,NOR,GLO,20090404,2009-04-04T14:00:00,FINISHED,40,22,,
PREM,GLO,NOR,20081129,2008-11-29T16:30:00,FINISHED,33,10,,
