competitionCode,playerName,type,transferDate,fromClub,toClub,contractLength
TOP14,Esteban CAPILLA,JOIN,2026-09-14,Bayonne,TOU,
TOP14,Mohamed MEGHERBI,JOIN,2026-09-14,,TOU,
TOP14,Raphaël PORTAT,JOIN,2026-09-14,,TOU,
TOP14,Lucien RICHARDIS,JOIN,2026-09-14,,TOU,
TOP14,François CROS,LEAVE,2026-09-14,TOU,Lyon,
TOP14,Thomas RAMOS,LEAVE,2026-09-14,TOU,Racing 92,
TOP14,Cyril BAILLE,CONTRACT_END,2026-09-14,TOU,2027,
TOP14,David AINU'U,CONTRACT_END,2026-09-14,TOU,2027,
TOP14,Dorian ALDEGHERI,CONTRACT_END,2026-09-14,TOU,2027,
TOP14,Malachi HAWKES,CONTRACT_END,2026-09-14,TOU,2027,
TOP14,Clément VERGÉ,CONTRACT_END,2026-09-14,TOU,2027,
TOP14,Emmanuel MEAFOU,CONTRACT_END,2026-09-14,TOU,2027,
TOP14,Anthony JELONCH,CONTRACT_END,2026-09-14,TOU,2027,
TOP14,Nelson ÉPÉE,CONTRACT_END,2026-09-14,TOU,2027,
TOP14,Dylane GIGAN,CONTRACT_END,2026-09-14,TOU,,
TOP14,Gaëtan GRANIÉ,CONTRACT_END,2026-09-14,TOU,,
TOP14,Herman MEKENESE,CONTRACT_END,2026-09-14,TOU,,
TOP14,Joe LAFARGE,CONTRACT_END,2026-09-14,TOU,,
TOP14,Naïme SANS-NAHORT,CONTRACT_END,2026-09-14,TOU,,
TOP14,Noa TINNIRELLO,CONTRACT_END,2026-09-14,TOU,,
TOP14,Rafaël GALLARDO,CONTRACT_END,2026-09-14,TOU,,
TOP14,Enzo FLUXA,CONTRACT_END,2026-09-14,TOU,,
TOP14,Guilhem LACAND,CONTRACT_END,2026-09-14,TOU,,
TOP14,Jules LUSCAN,CONTRACT_END,2026-09-14,TOU,,
TOP14,Mathis CAUBLOT,CONTRACT_END,2026-09-14,TOU,,
TOP14,Maxime GARDELLE,CONTRACT_END,2026-09-14,TOU,,
TOP14,Sacha SÉGARD,CONTRACT_END,2026-09-14,TOU,,
TOP14,Alban PORTAT,CONTRACT_END,2026-09-14,TOU,,
TOP14,Aleix RIBERA,CONTRACT_END,2026-09-14,TOU,,
TOP14,Efraín ELÍAS,CONTRACT_END,2026-09-14,TOU,2027,
TOP14,Eliot BARRIÉ,CONTRACT_END,2026-09-14,TOU,,
TOP14,Jules MARTIN-BONNARD,CONTRACT_END,2026-09-14,TOU,,
TOP14,Mathis THOMAS,CONTRACT_END,2026-09-14,TOU,,
TOP14,Matteo ROSI,CONTRACT_END,2026-09-14,TOU,,
TOP14,Preston TEKORI,CONTRACT_END,2026-09-14,TOU,,
TOP14,Rayane BENHERROU,CONTRACT_END,2026-09-14,TOU,,
TOP14,Thomas WARMÉ,CONTRACT_END,2026-09-14,TOU,,
TOP14,Tsiaro Yohan RANDRIANARY,CONTRACT_END,2026-09-14,TOU,,
TOP14,Azur HOT-SIMON,CONTRACT_END,2026-09-14,TOU,,
TOP14,Baptiste VIALAS,CONTRACT_END,2026-09-14,TOU,,
TOP14,Bobby BRENNAN,CONTRACT_END,2026-09-14,TOU,,
TOP14,Élias LIBOUREL,CONTRACT_END,2026-09-14,TOU,,
TOP14,Guillaume RAYNAUD,CONTRACT_END,2026-09-14,TOU,,
TOP14,Heinz LEMOTO,CONTRACT_END,2026-09-14,TOU,2027,
TOP14,Hugo IBRES,CONTRACT_END,2026-09-14,TOU,,
TOP14,Hugo SOUBRE,CONTRACT_END,2026-09-14,TOU,,
TOP14,Marc-Élie KOUASSI,CONTRACT_END,2026-09-14,TOU,,
TOP14,Martin LABARTHE,CONTRACT_END,2026-09-14,TOU,,
TOP14,Lorenzo FERRARI,CONTRACT_END,2026-09-14,TOU,,
TOP14,Victor BLANC,CONTRACT_END,2026-09-14,TOU,,
TOP14,Zénon RENDU,CONTRACT_END,2026-09-14,TOU,,
TOP14,Bixintxo DAGUERRE,CONTRACT_END,2026-09-14,TOU,,
TOP14,Jack VAS,CONTRACT_END,2026-09-14,TOU,,
TOP14,Louis COMPANYO,CONTRACT_END,2026-09-14,TOU,,
TOP14,Axel MIRANDE,CONTRACT_END,2026-09-14,TOU,,
TOP14,Bernardo PUCCIARIELLO,CONTRACT_END,2026-09-14,TOU,,
TOP14,Hugo PICHARDIE,CONTRACT_END,2026-09-14,TOU,,
TOP14,Jérémy ABOUT,CONTRACT_END,2026-09-14,TOU,,
TOP14,Lukas AMATI,CONTRACT_END,2026-09-14,TOU,,
TOP14,Mathis GIL,CONTRACT_END,2026-09-14,TOU,2027,
TOP14,Maxence BAUX,CONTRACT_END,2026-09-14,TOU,,
TOP14,Oriol MARSINYAC,CONTRACT_END,2026-09-14,TOU,,
TOP14,Louis JACQUOT,CONTRACT_END,2026-09-14,TOU,,
TOP14,Martin THIBAUT,CONTRACT_END,2026-09-14,TOU,,
TOP14,Matt BERGÈS,CONTRACT_END,2026-09-14,TOU,,
TOP14,Pablo MONTERO,CONTRACT_END,2026-09-14,TOU,,
TOP14,Théo CASTET,CONTRACT_END,2026-09-14,TOU,,
TOP14,Enzo TRAILLE,CONTRACT_END,2026-09-14,TOU,,
TOP14,Mathis CAPUS,CONTRACT_END,2026-09-14,TOU,,
TOP14,Roméo MOLA,CONTRACT_END,2026-09-14,TOU,,
TOP14,Jefferson POIROT,LEAVE,2026-09-14,UBB,Retraite,
TOP14,Zaccharie AFFANE,LEAVE,2026-09-14,UBB,Brive,
TOP14,Pierre BOCHATON,EXTENSION,2026-09-14,UBB,UBB,
TOP14,Louis BIELLE-BIARREY,EXTENSION,2026-09-14,UBB,UBB,
TOP14,Marko GAZZOTTI,EXTENSION,2026-09-14,UBB,UBB,
TOP14,Ben TAMEIFUNA,CONTRACT_END,2026-09-14,UBB,2027,
TOP14,Matis PERCHAUD,CONTRACT_END,2026-09-14,UBB,2027,
TOP14,Toma'Akino TAUFA,CONTRACT_END,2026-09-14,UBB,2027,
TOP14,Connor SA,CONTRACT_END,2026-09-14,UBB,2027,
TOP14,Adam COLEMAN,CONTRACT_END,2026-09-14,UBB,2027,
TOP14,Boris PALU,CONTRACT_END,2026-09-14,UBB,2027,
TOP14,Dan DU PLESSIS,CONTRACT_END,2026-09-14,UBB,2027,
TOP14,Rohan JANSE VAN RENSBURG,CONTRACT_END,2026-09-14,UBB,2027,
TOP14,Arthur RETIÈRE,CONTRACT_END,2026-09-14,UBB,2027,
TOP14,Lenny ALIFANETY,CONTRACT_END,2026-09-14,UBB,,
TOP14,Mell-Ronn POUYE-TOKOTU'U,CONTRACT_END,2026-09-14,UBB,,
TOP14,Noé THIBEAU,CONTRACT_END,2026-09-14,UBB,,
TOP14,Paolo POUYPOUDAT,CONTRACT_END,2026-09-14,UBB,,
TOP14,Prince TAMBO-FANTCHO,CONTRACT_END,2026-09-14,UBB,,
TOP14,Christian EVERITT,CONTRACT_END,2026-09-14,UBB,,
TOP14,Clément MALINOWSKI,CONTRACT_END,2026-09-14,UBB,,
TOP14,Jules FREYNET,CONTRACT_END,2026-09-14,UBB,,
TOP14,Baptiste GIROU,CONTRACT_END,2026-09-14,UBB,,
TOP14,Diaan AUGUSTYN,CONTRACT_END,2026-09-14,UBB,,
TOP14,Donovan NIUHINA,CONTRACT_END,2026-09-14,UBB,,
TOP14,Francis PETERS,CONTRACT_END,2026-09-14,UBB,,
TOP14,Lionel FUKWAMOKO,CONTRACT_END,2026-09-14,UBB,,
TOP14,Robbie COMBRINCK,CONTRACT_END,2026-09-14,UBB,2027,
TOP14,Ben COETZEE,CONTRACT_END,2026-09-14,UBB,,
TOP14,Colin SCHUSTER,CONTRACT_END,2026-09-14,UBB,,
TOP14,Léo CAMARA,CONTRACT_END,2026-09-14,UBB,,
TOP14,Mathys ARGENTON,CONTRACT_END,2026-09-14,UBB,,
TOP14,Mauricio Lorenzo FUKWAMOKO,CONTRACT_END,2026-09-14,UBB,,
TOP14,Maxime HÉRAUD,CONTRACT_END,2026-09-14,UBB,,
TOP14,Romain GARDRAT,CONTRACT_END,2026-09-14,UBB,2027,
TOP14,César MÉMET,CONTRACT_END,2026-09-14,UBB,,
TOP14,Natan POIGNEAU,CONTRACT_END,2026-09-14,UBB,,
TOP14,Sacha LAUSSUCQ,CONTRACT_END,2026-09-14,UBB,,
TOP14,Manoa VAILLIER,CONTRACT_END,2026-09-14,UBB,,
TOP14,Owen ERASMUS,CONTRACT_END,2026-09-14,UBB,,
TOP14,Edwin LEE,CONTRACT_END,2026-09-14,UBB,,
TOP14,Gabriel BOHN,CONTRACT_END,2026-09-14,UBB,,
TOP14,Jules SAÏD,CONTRACT_END,2026-09-14,UBB,,
TOP14,Louis FAVRAU,CONTRACT_END,2026-09-14,UBB,,
TOP14,Damien KUILAGI,CONTRACT_END,2026-09-14,UBB,,
TOP14,Harley REIHANA,CONTRACT_END,2026-09-14,UBB,,
TOP14,Ielenimo HOLISI,CONTRACT_END,2026-09-14,UBB,,
TOP14,Oscar PERDIGON,CONTRACT_END,2026-09-14,UBB,,
TOP14,Félix DUGUAY,CONTRACT_END,2026-09-14,UBB,,
TOP14,Johan JANIEC,CONTRACT_END,2026-09-14,UBB,,
TOP14,Thomas BARONNET,CONTRACT_END,2026-09-14,UBB,,
TOP14,Xan MOUSQUÈS,CONTRACT_END,2026-09-14,UBB,2027,
TOP14,Thomas RAMOS,JOIN,2026-09-14,Toulouse,RAC,
TOP14,Joey MANU,LEAVE,2026-09-14,RAC,PNG Chiefs (PAP),
TOP14,Édouard-Junior JABEA NJOCKE,EXTENSION,2026-09-14,RAC,RAC,
TOP14,Antoine LATRASSE,EXTENSION,2026-09-14,RAC,RAC,
TOP14,Vladi ASHVETIA,EXTENSION,2026-09-14,RAC,RAC,
TOP14,Gia KHARAISHVILI,CONTRACT_END,2026-09-14,RAC,2027,
TOP14,Diego ESCOBAR,CONTRACT_END,2026-09-14,RAC,2027,
TOP14,Thomas LAINAULT,CONTRACT_END,2026-09-14,RAC,2027,
TOP14,Fabien SANCONNIE,CONTRACT_END,2026-09-14,RAC,2027,
TOP14,Jordan JOSEPH,CONTRACT_END,2026-09-14,RAC,2027,
TOP14,Maxime BAUDONNE,CONTRACT_END,2026-09-14,RAC,2027,
TOP14,Nathan HUGHES,CONTRACT_END,2026-09-14,RAC,2027,
TOP14,Noa ZINZEN,CONTRACT_END,2026-09-14,RAC,,
TOP14,Antoine GIBERT,CONTRACT_END,2026-09-14,RAC,2027,
TOP14,Geronimo PRISCIANTELLI,CONTRACT_END,2026-09-14,RAC,2027,
TOP14,Sam JAMES,CONTRACT_END,2026-09-14,RAC,2027,
TOP14,Selestino RAVUTAUMADA,CONTRACT_END,2026-09-14,RAC,2027,
TOP14,Lehopa LEOTA,CONTRACT_END,2026-09-14,RAC,2027,
TOP14,Luca EMERY,CONTRACT_END,2026-09-14,RAC,,
TOP14,Mathis BOUREAU D'ARGONNE,CONTRACT_END,2026-09-14,RAC,,
TOP14,Maxence COCHARD,CONTRACT_END,2026-09-14,RAC,,
TOP14,Nikoloz TORADZE,CONTRACT_END,2026-09-14,RAC,,
TOP14,Tyméo BOHNENSTENGEL,CONTRACT_END,2026-09-14,RAC,,
TOP14,Baptiste MAURET,CONTRACT_END,2026-09-14,RAC,,
TOP14,Gagui MARGVELASHVILI,CONTRACT_END,2026-09-14,RAC,2027,
TOP14,Maximillien BRACKENBURY,CONTRACT_END,2026-09-14,RAC,,
TOP14,Ruan SWART,CONTRACT_END,2026-09-14,RAC,,
TOP14,Anicet BATBEDAT,CONTRACT_END,2026-09-14,RAC,,
TOP14,Auguste ALBUISSON,CONTRACT_END,2026-09-14,RAC,2027,
TOP14,Matis JULIEN,CONTRACT_END,2026-09-14,RAC,,
TOP14,Nicolas MARTINY,CONTRACT_END,2026-09-14,RAC,,
TOP14,Noam ZEBUS-DELAGE,CONTRACT_END,2026-09-14,RAC,,
TOP14,Matěj SEHNAL,CONTRACT_END,2026-09-14,RAC,,
TOP14,Maxent GEORGELIN,CONTRACT_END,2026-09-14,RAC,,
TOP14,Simon MOREAU,CONTRACT_END,2026-09-14,RAC,,
TOP14,Milo WHITFORD,CONTRACT_END,2026-09-14,RAC,,
TOP14,Gaspard LIEVENS,CONTRACT_END,2026-09-14,RAC,,
TOP14,Luigi COZZOLINO,CONTRACT_END,2026-09-14,RAC,,
TOP14,Noham VALEU,CONTRACT_END,2026-09-14,RAC,2027,
TOP14,Sione FINAU-TUPOU,CONTRACT_END,2026-09-14,RAC,,
TOP14,Evan DUARTE MONTEIRO,CONTRACT_END,2026-09-14,RAC,,
TOP14,Nolann DONGUY,CONTRACT_END,2026-09-14,RAC,2027,
TOP14,Alessandro RAGUSI,CONTRACT_END,2026-09-14,RAC,2027,
TOP14,Arthur ROCHE,CONTRACT_END,2026-09-14,RAC,,
TOP14,Tani VILI,EXTENSION,2026-09-14,SFP,SFP,
TOP14,Noah NÉNÉ,EXTENSION,2026-09-14,SFP,SFP,
TOP14,Giorgi MELIKIDZE,CONTRACT_END,2026-09-14,SFP,,
TOP14,Jack ISCARO,CONTRACT_END,2026-09-14,SFP,2027,
TOP14,Thierry PAÏVA,CONTRACT_END,2026-09-14,SFP,2027,
TOP14,Giacomo NICOTERA,CONTRACT_END,2026-09-14,SFP,,
TOP14,Fabrice METZ,CONTRACT_END,2026-09-14,SFP,2027,
TOP14,Juan Martin SCELZO,CONTRACT_END,2026-09-14,SFP,,
TOP14,Pierre HUGUET,CONTRACT_END,2026-09-14,SFP,2027,
TOP14,Sékou MACALOU,CONTRACT_END,2026-09-14,SFP,2027,
TOP14,Paul ABADIE,CONTRACT_END,2026-09-14,SFP,2027,
TOP14,Tawera KERR-BARLOW,CONTRACT_END,2026-09-14,SFP,2027,
TOP14,Ihaia WEST,CONTRACT_END,2026-09-14,SFP,2027,
TOP14,Louis FOURSANS-BOURDETTE,CONTRACT_END,2026-09-14,SFP,2027,
TOP14,Rufus MCLEAN,CONTRACT_END,2026-09-14,SFP,2027,
TOP14,Samuel EZEALA,CONTRACT_END,2026-09-14,SFP,2027,
TOP14,Léo MONIN,CONTRACT_END,2026-09-14,SFP,2027,
TOP14,Arthur PINET,CONTRACT_END,2026-09-14,SFP,,
TOP14,Johannes POLOMSKY,CONTRACT_END,2026-09-14,SFP,,
TOP14,Losseni MEÏTÉ,CONTRACT_END,2026-09-14,SFP,,
TOP14,Mehdi BORSALI,CONTRACT_END,2026-09-14,SFP,,
TOP14,Ethan TIA,CONTRACT_END,2026-09-14,SFP,,
TOP14,Gaspard VAN PRAAG,CONTRACT_END,2026-09-14,SFP,,
TOP14,Colin WIEDEMANN,CONTRACT_END,2026-09-14,SFP,,
TOP14,Hippolyte CARNOT,CONTRACT_END,2026-09-14,SFP,,
TOP14,Karl KASPER,CONTRACT_END,2026-09-14,SFP,,
TOP14,Mosese TABUAKOTO,CONTRACT_END,2026-09-14,SFP,,
TOP14,Martin BLUM,CONTRACT_END,2026-09-14,SFP,,
TOP14,Gaspard DE VILLENEUVE,CONTRACT_END,2026-09-14,SFP,,
TOP14,Guillaume DIDEY,CONTRACT_END,2026-09-14,SFP,,
TOP14,Luka RUSSELL,CONTRACT_END,2026-09-14,SFP,,
TOP14,Malobé MBAYE,CONTRACT_END,2026-09-14,SFP,,
TOP14,Stanislas NOLLET,CONTRACT_END,2026-09-14,SFP,,
TOP14,Virgile DRAUX,CONTRACT_END,2026-09-14,SFP,,
TOP14,Aisake MANNA,CONTRACT_END,2026-09-14,SFP,,
TOP14,Aporosa LALABALAVU,CONTRACT_END,2026-09-14,SFP,,
TOP14,Edward JUMATATE,CONTRACT_END,2026-09-14,SFP,,
TOP14,Régis MONTAGNE,JOIN,2026-09-14,Clermont,TOL,
TOP14,Clovis LE BAIL,JOIN,2026-09-14,,TOL,
TOP14,Léon DARRICARRÈRE,JOIN,2026-09-14,Clermont,TOL,
TOP14,Louis MORLAND,JOIN,2026-09-14,,TOL,
TOP14,Jules COULON,LEAVE,2026-09-14,TOL,Perpignan,
TOP14,Oliver COWIE,EXTENSION,2026-09-14,TOL,TOL,
TOP14,Gaël DRÉAN,EXTENSION,2026-09-14,TOL,TOL,
TOP14,Beka GIGASHVILI,CONTRACT_END,2026-09-14,TOL,2027,
TOP14,Kyle SINCKLER,CONTRACT_END,2026-09-14,TOL,2027,
TOP14,Rabah SLIMANI,CONTRACT_END,2026-09-14,TOL,2027,
TOP14,Matthias HALAGAHU,CONTRACT_END,2026-09-14,TOL,2027,
TOP14,Charles OLLIVON,CONTRACT_END,2026-09-14,TOL,2027,
TOP14,Lewis LUDLAM,CONTRACT_END,2026-09-14,TOL,2027,
TOP14,Antoine FRISCH,CONTRACT_END,2026-09-14,TOL,2027,
TOP14,Ignacio BREX,CONTRACT_END,2026-09-14,TOL,2027,
TOP14,Jérémy SINZELLE,CONTRACT_END,2026-09-14,TOL,2027,
TOP14,Mathieu SMAÏLI,CONTRACT_END,2026-09-14,TOL,2027,
TOP14,Rayan REBBADJ,CONTRACT_END,2026-09-14,TOL,,
TOP14,Apete NAROGO,CONTRACT_END,2026-09-14,TOL,,
TOP14,Anto-Natale GHIPPONI,CONTRACT_END,2026-09-14,TOL,,
TOP14,Arthur MAZA,CONTRACT_END,2026-09-14,TOL,,
TOP14,Léo AMETLLA,CONTRACT_END,2026-09-14,TOL,2027,
TOP14,Owen SORHAINDO,CONTRACT_END,2026-09-14,TOL,2027,
TOP14,Samuel JEAN-CHRISTOPHE,CONTRACT_END,2026-09-14,TOL,,
TOP14,Samuel RENAULT,CONTRACT_END,2026-09-14,TOL,,
TOP14,Lohann GIL,CONTRACT_END,2026-09-14,TOL,,
TOP14,Mathias MAZZONI,CONTRACT_END,2026-09-14,TOL,,
TOP14,Pierre DAMOND,CONTRACT_END,2026-09-14,TOL,2027,
TOP14,Thomas AMETLLA,CONTRACT_END,2026-09-14,TOL,,
TOP14,Antonio GÁMEZ,CONTRACT_END,2026-09-14,TOL,,
TOP14,Davit BARAMIA,CONTRACT_END,2026-09-14,TOL,,
TOP14,Heamani SUTA,CONTRACT_END,2026-09-14,TOL,,
TOP14,Junior KPOKU,CONTRACT_END,2026-09-14,TOL,,
TOP14,Konrad FAUPALA,CONTRACT_END,2026-09-14,TOL,,
TOP14,Diego GRADOZ,CONTRACT_END,2026-09-14,TOL,,
TOP14,Mikheili SHIOSHVILI,CONTRACT_END,2026-09-14,TOL,,
TOP14,Noam MOREAU,CONTRACT_END,2026-09-14,TOL,,
TOP14,Noé SOKO,CONTRACT_END,2026-09-14,TOL,,
TOP14,Giani CALLEYA,CONTRACT_END,2026-09-14,TOL,,
TOP14,Antoine DULAU,CONTRACT_END,2026-09-14,TOL,,
TOP14,Caylen UMAGA,CONTRACT_END,2026-09-14,TOL,,
TOP14,Lorenzo SIRIGNANO,CONTRACT_END,2026-09-14,TOL,,
TOP14,Lucas BONNEAU,CONTRACT_END,2026-09-14,TOL,,
TOP14,Lucas GUES,CONTRACT_END,2026-09-14,TOL,,
TOP14,Andrea AZZOLIN,CONTRACT_END,2026-09-14,TOL,,
TOP14,Kyllian BÉAL,CONTRACT_END,2026-09-14,TOL,,
TOP14,Noud ROBBERTSEN,CONTRACT_END,2026-09-14,TOL,,
TOP14,Ewen TANGUY,CONTRACT_END,2026-09-14,TOL,,
TOP14,Matéo GRACIEUX,CONTRACT_END,2026-09-14,TOL,,
TOP14,Nika SUTIDZE,JOIN,2026-09-14,,LAR,
TOP14,Karl SORIN,CONTRACT_END,2026-09-14,LAR,2027,
TOP14,Quentin LESPIAUCQ,CONTRACT_END,2026-09-14,LAR,2027,
TOP14,Tolu LATU,CONTRACT_END,2026-09-14,LAR,2027,
TOP14,Watisoni WAQANISARAVI,CONTRACT_END,2026-09-14,LAR,2027,
TOP14,Levani BOTIA,CONTRACT_END,2026-09-14,LAR,2027,
TOP14,Christophe LOUSTALOT,CONTRACT_END,2026-09-14,LAR,2027,
TOP14,George MOALA,CONTRACT_END,2026-09-14,LAR,2027,
TOP14,Jonathan DANTY,CONTRACT_END,2026-09-14,LAR,2027,
TOP14,Dillyn LEYDS,CONTRACT_END,2026-09-14,LAR,2027,
TOP14,Hoani BOSMORIN,CONTRACT_END,2026-09-14,LAR,2027,
TOP14,Jack NOWELL,CONTRACT_END,2026-09-14,LAR,2027,
TOP14,Ugo PACOME,CONTRACT_END,2026-09-14,LAR,2027,
TOP14,Christian LUAKI,CONTRACT_END,2026-09-14,LAR,,
TOP14,Maxence LIGERON-BORG,CONTRACT_END,2026-09-14,LAR,2027,
TOP14,Toine OBIANG NGUEMA,CONTRACT_END,2026-09-14,LAR,,
TOP14,Valentino PANI,CONTRACT_END,2026-09-14,LAR,2027,
TOP14,Seveci Naikalagi NAISILISILI,CONTRACT_END,2026-09-14,LAR,,
TOP14,Christian GERMANÒ,CONTRACT_END,2026-09-14,LAR,,
TOP14,Igor GATTEAU,CONTRACT_END,2026-09-14,LAR,2027,
TOP14,Bas BROEKS,CONTRACT_END,2026-09-14,LAR,,
TOP14,Oscar BOUTEZ,CONTRACT_END,2026-09-14,LAR,,
TOP14,Nolhann COUILLAUD,CONTRACT_END,2026-09-14,LAR,2027,
TOP14,Temanatua BOICHOT,CONTRACT_END,2026-09-14,LAR,,
TOP14,Arthur VENDÉ,CONTRACT_END,2026-09-14,LAR,,
TOP14,Paco SCHEIBEL,CONTRACT_END,2026-09-14,LAR,2027,
TOP14,Hugo BIZOTTO,CONTRACT_END,2026-09-14,LAR,,
TOP14,Jurgen KAMOTO,CONTRACT_END,2026-09-14,LAR,,
TOP14,Peni Torau VUETIMAIWAI,CONTRACT_END,2026-09-14,LAR,,
TOP14,Jessy TAOFIFENUA,CONTRACT_END,2026-09-14,LAR,,
TOP14,Martin BETSEN,CONTRACT_END,2026-09-14,LAR,,
TOP14,Régis MONTAGNE,LEAVE,2026-09-14,ASM,Toulon,
TOP14,Léon DARRICARRÈRE,LEAVE,2026-09-14,ASM,Toulon,
TOP14,Axel GUILLAUD,EXTENSION,2026-09-14,ASM,ASM,
TOP14,Sacha LOTRIAN,CONTRACT_END,2026-09-14,ASM,2027,
TOP14,Tevita RATUVA,CONTRACT_END,2026-09-14,ASM,2027,
TOP14,Thibaud LANEN,CONTRACT_END,2026-09-14,ASM,2027,
TOP14,Thomas CEYTE,CONTRACT_END,2026-09-14,ASM,2027,
TOP14,Kévin NOAH,CONTRACT_END,2026-09-14,ASM,2027,
TOP14,Pita-Gus SOWAKULA,CONTRACT_END,2026-09-14,ASM,2027,
TOP14,Mathys BELAUBRE,CONTRACT_END,2026-09-14,ASM,2027,
TOP14,Joris JURAND,CONTRACT_END,2026-09-14,ASM,2027,
TOP14,Yérim FALL,CONTRACT_END,2026-09-14,ASM,2027,
TOP14,Kylan HAMDAOUI,CONTRACT_END,2026-09-14,ASM,2027,
TOP14,Aloïs MONTAVY,CONTRACT_END,2026-09-14,ASM,,
TOP14,Cédric ATLAN,CONTRACT_END,2026-09-14,ASM,2027,
TOP14,Enzo DEFILLON,CONTRACT_END,2026-09-14,ASM,,
TOP14,Hendro HATTINGH,CONTRACT_END,2026-09-14,ASM,,
TOP14,Noah TRAINI,CONTRACT_END,2026-09-14,ASM,,
TOP14,Nohem EZ ZAHOUANY,CONTRACT_END,2026-09-14,ASM,,
TOP14,Tristan OLIVIER,CONTRACT_END,2026-09-14,ASM,,
TOP14,Chuan UN,CONTRACT_END,2026-09-14,ASM,,
TOP14,Gabriel MELCHOR,CONTRACT_END,2026-09-14,ASM,,
TOP14,Mevlut ZENGIN,CONTRACT_END,2026-09-14,ASM,,
TOP14,Andrea FOIAMA-CRESPO,CONTRACT_END,2026-09-14,ASM,,
TOP14,Julien FOURNIER,CONTRACT_END,2026-09-14,ASM,,
TOP14,Nico JONES,CONTRACT_END,2026-09-14,ASM,,
TOP14,Noann LAVAIL,CONTRACT_END,2026-09-14,ASM,,
TOP14,Ephise NAVECTH,CONTRACT_END,2026-09-14,ASM,,
TOP14,Ilan CUSIN,CONTRACT_END,2026-09-14,ASM,,
TOP14,Louis VERMEULEN,CONTRACT_END,2026-09-14,ASM,,
TOP14,Mathis DE SAINT-ÉTIENNE,CONTRACT_END,2026-09-14,ASM,,
TOP14,Raphaël PAYRASTRE,CONTRACT_END,2026-09-14,ASM,,
TOP14,Scott BARRE,CONTRACT_END,2026-09-14,ASM,,
TOP14,Sione LAMELANGI,CONTRACT_END,2026-09-14,ASM,,
TOP14,Émilien VERDIER,CONTRACT_END,2026-09-14,ASM,,
TOP14,Iban DUBERTRAND,CONTRACT_END,2026-09-14,ASM,,
TOP14,Jonas FRADET,CONTRACT_END,2026-09-14,ASM,,
TOP14,Yannis CHAUMEIL,CONTRACT_END,2026-09-14,ASM,,
TOP14,Juan MARTÍN MONTILLA,CONTRACT_END,2026-09-14,ASM,,
TOP14,Matéo TISSOT,CONTRACT_END,2026-09-14,ASM,,
TOP14,Enzo PAWLIWEC,CONTRACT_END,2026-09-14,ASM,,
TOP14,Florian SENECTAIRE,CONTRACT_END,2026-09-14,ASM,,
TOP14,Martin MEYER,CONTRACT_END,2026-09-14,ASM,2027,
TOP14,Noan BRAOUET,CONTRACT_END,2026-09-14,ASM,,
TOP14,Yanis BROSSET,CONTRACT_END,2026-09-14,ASM,,
TOP14,Dimitri EMERY,CONTRACT_END,2026-09-14,ASM,,
TOP14,Marius BARON,CONTRACT_END,2026-09-14,ASM,,
TOP14,Mathis ROUGERIE,CONTRACT_END,2026-09-14,ASM,,
TOP14,Muhammed Eren ZENGIN,CONTRACT_END,2026-09-14,ASM,,
TOP14,Pierre-Emmanuel FERNANDES,CONTRACT_END,2026-09-14,ASM,,
TOP14,Maël BERGER,CONTRACT_END,2026-09-14,ASM,,
TOP14,Sacha LEROY,CONTRACT_END,2026-09-14,ASM,,
TOP14,Tom SAVINEL,CONTRACT_END,2026-09-14,ASM,,
TOP14,François CROS,JOIN,2026-09-14,Toulouse,LOU,
TOP14,Guillaume MARCHAND,EXTENSION,2026-09-14,LOU,LOU,
TOP14,Lilian BARET,EXTENSION,2026-09-14,LOU,LOU,
TOP14,Mathis GALEAZZI,EXTENSION,2026-09-14,LOU,LOU,
TOP14,Avé MAALO,CONTRACT_END,2026-09-14,LOU,,
TOP14,Thomas MOUKORO,CONTRACT_END,2026-09-14,LOU,2027,
TOP14,Mathis SARRAGALLET,CONTRACT_END,2026-09-14,LOU,2027,
TOP14,Félix LAMBEY,CONTRACT_END,2026-09-14,LOU,2027,
TOP14,Beka SAGINADZE,CONTRACT_END,2026-09-14,LOU,2027,
TOP14,Liam ALLEN,CONTRACT_END,2026-09-14,LOU,2027,
TOP14,Marvin OKUYA,CONTRACT_END,2026-09-14,LOU,,
TOP14,Maxime GOUZOU,CONTRACT_END,2026-09-14,LOU,2027,
TOP14,Sam SIMMONDS,CONTRACT_END,2026-09-14,LOU,2027,
TOP14,Charlie CASSANG,CONTRACT_END,2026-09-14,LOU,2027,
TOP14,Léo BERDEU,CONTRACT_END,2026-09-14,LOU,2027,
TOP14,Paddy JACKSON,CONTRACT_END,2026-09-14,LOU,2027,
TOP14,Adrien SÉGURET,CONTRACT_END,2026-09-14,LOU,2027,
TOP14,Iosefo MASI,CONTRACT_END,2026-09-14,LOU,2027,
TOP14,Thibaut REGARD,CONTRACT_END,2026-09-14,LOU,2027,
TOP14,Monty IOANE,CONTRACT_END,2026-09-14,LOU,2027,
TOP14,Axel BAAS,CONTRACT_END,2026-09-14,LOU,,
TOP14,Maxime VITOUX,CONTRACT_END,2026-09-14,LOU,,
TOP14,Dimitry LELONG,CONTRACT_END,2026-09-14,LOU,,
TOP14,Morgan ROBICHON,CONTRACT_END,2026-09-14,LOU,,
TOP14,Anthony RICO,CONTRACT_END,2026-09-14,LOU,,
TOP14,Ruan VIVIERS,CONTRACT_END,2026-09-14,LOU,,
TOP14,Loan ROPERO,CONTRACT_END,2026-09-14,LOU,,
TOP14,Louis DOUAUD,CONTRACT_END,2026-09-14,LOU,,
TOP14,Luka SAGINADZE,CONTRACT_END,2026-09-14,LOU,2027,
TOP14,Mathys TEYSSIER,CONTRACT_END,2026-09-14,LOU,,
TOP14,Owen FRESNAIS,CONTRACT_END,2026-09-14,LOU,2027,
TOP14,Soulaimane CAMARA,CONTRACT_END,2026-09-14,LOU,,
TOP14,Ange GIROUD,CONTRACT_END,2026-09-14,LOU,,
TOP14,Noa LETERME,CONTRACT_END,2026-09-14,LOU,,
TOP14,Malakai HAFOKA TOCA,CONTRACT_END,2026-09-14,LOU,,
TOP14,Paco MAZOYER,CONTRACT_END,2026-09-14,LOU,,
TOP14,Davit BARBAKADZE,CONTRACT_END,2026-09-14,LOU,2027,
TOP14,Dorian DIABOU,CONTRACT_END,2026-09-14,LOU,2027,
TOP14,Lucas ROSTAING,CONTRACT_END,2026-09-14,LOU,,
TOP14,Raphaël MARTIN,CONTRACT_END,2026-09-14,LOU,,
TOP14,William BLANC,CONTRACT_END,2026-09-14,LOU,,
TOP14,Alexandre MESSIRE,CONTRACT_END,2026-09-14,LOU,,
TOP14,Gabin LACOSTE,CONTRACT_END,2026-09-14,LOU,,
TOP14,Jerry SUVEINAIKA,CONTRACT_END,2026-09-14,LOU,,
TOP14,Luka KHORBALADZE,CONTRACT_END,2026-09-14,LOU,2027,
TOP14,Alexandre BÉCOGNÉE,EXTENSION,2026-09-14,MHR,MHR,
TOP14,Luca TABAROT,CONTRACT_END,2026-09-14,MHR,,
TOP14,Bastien CHALUREAU,CONTRACT_END,2026-09-14,MHR,2027,
TOP14,Tyler DUGUID,CONTRACT_END,2026-09-14,MHR,2027,
TOP14,Billy VUNIPOLA,CONTRACT_END,2026-09-14,MHR,2027,
TOP14,Langi GLEESON,CONTRACT_END,2026-09-14,MHR,2027,
TOP14,Alexis BERNADET,CONTRACT_END,2026-09-14,MHR,2027,
TOP14,Lennox ANYANWU,CONTRACT_END,2026-09-14,MHR,2027,
TOP14,Jon ECHEGARAY,CONTRACT_END,2026-09-14,MHR,2027,
TOP14,Stuart HOGG,CONTRACT_END,2026-09-14,MHR,2027,
TOP14,Arthur AZÉMA,CONTRACT_END,2026-09-14,MHR,,
TOP14,Baptiste GILLIOCQ,CONTRACT_END,2026-09-14,MHR,,
TOP14,Ilan LEBLANC-FERON,CONTRACT_END,2026-09-14,MHR,2027,
TOP14,Maël CINTRACT,CONTRACT_END,2026-09-14,MHR,,
TOP14,Noham MAKHLOUFI,CONTRACT_END,2026-09-14,MHR,,
TOP14,Adrian DE KLERK,CONTRACT_END,2026-09-14,MHR,,
TOP14,Antonio RATAVO,CONTRACT_END,2026-09-14,MHR,2027,
TOP14,Denver BRADFORD,CONTRACT_END,2026-09-14,MHR,,
TOP14,Isoa BAKEIDAKU,CONTRACT_END,2026-09-14,MHR,,
TOP14,Maël PERRIN,CONTRACT_END,2026-09-14,MHR,,
TOP14,Nikoloz CHKHORTOLIA,CONTRACT_END,2026-09-14,MHR,,
TOP14,Sacha JONCART,CONTRACT_END,2026-09-14,MHR,,
TOP14,Sandro GABUNIA,CONTRACT_END,2026-09-14,MHR,,
TOP14,Djibril SISSAKO,CONTRACT_END,2026-09-14,MHR,,
TOP14,Hector DARBES,CONTRACT_END,2026-09-14,MHR,,
TOP14,Jason ILIMOTAMA,CONTRACT_END,2026-09-14,MHR,,
TOP14,Louis GALLENI,CONTRACT_END,2026-09-14,MHR,,
TOP14,Paolo AGNESE,CONTRACT_END,2026-09-14,MHR,,
TOP14,Raphaël AUDEBERT,CONTRACT_END,2026-09-14,MHR,,
TOP14,Solomon SHAND,CONTRACT_END,2026-09-14,MHR,,
TOP14,Flavien LARUELLE,CONTRACT_END,2026-09-14,MHR,,
TOP14,Tom BARAER,CONTRACT_END,2026-09-14,MHR,,
TOP14,Bertrand MISTRI,CONTRACT_END,2026-09-14,MHR,,
TOP14,Malo POULON,CONTRACT_END,2026-09-14,MHR,,
TOP14,Sandro DUBOIS,CONTRACT_END,2026-09-14,MHR,,
TOP14,Joan NOTOLAN,CONTRACT_END,2026-09-14,MHR,,
TOP14,Michele NEGRI,CONTRACT_END,2026-09-14,MHR,,
TOP14,Miracle TANGATA,CONTRACT_END,2026-09-14,MHR,,
TOP14,Poama RIRICA,CONTRACT_END,2026-09-14,MHR,,
TOP14,Simon PEYTAVIN,CONTRACT_END,2026-09-14,MHR,,
TOP14,Thomas NICOULEAU,CONTRACT_END,2026-09-14,MHR,,
TOP14,Matt LEFEUVRE,CONTRACT_END,2026-09-14,MHR,,
TOP14,Melvyn RATES,CONTRACT_END,2026-09-14,MHR,2027,
TOP14,Rupeni Junior CAUCAUNIBUCA,CONTRACT_END,2026-09-14,MHR,,
TOP14,Sacha CODORNIOU,CONTRACT_END,2026-09-14,MHR,,
TOP14,Lucas MARTINS,JOIN,2026-09-14,Agen,CAS,
TOP14,Martin VERDU,JOIN,2026-09-14,,CAS,
TOP14,Loîs GUÉROIS-GALISSON,EXTENSION,2026-09-14,CAS,CAS,
TOP14,Loris ZARANTONELLO,EXTENSION,2026-09-14,CAS,CAS,
TOP14,Guillaume DUCAT,EXTENSION,2026-09-14,CAS,CAS,
TOP14,Baptiste DELAPORTE,EXTENSION,2026-09-14,CAS,CAS,
TOP14,Rémy BAGET,EXTENSION,2026-09-14,CAS,CAS,
TOP14,Atunaisa SOKOBALE,EXTENSION,2026-09-14,CAS,CAS,
TOP14,Levan CHILACHAVA,CONTRACT_END,2026-09-14,CAS,2027,
TOP14,Nicolas CORATO,CONTRACT_END,2026-09-14,CAS,2027,
TOP14,Will COLLIER,CONTRACT_END,2026-09-14,CAS,2027,
TOP14,Tom STANIFORTH,CONTRACT_END,2026-09-14,CAS,2027,
TOP14,Abraham PAPALI'I,CONTRACT_END,2026-09-14,CAS,2027,
TOP14,Feibyan TUKINO,CONTRACT_END,2026-09-14,CAS,2027,
TOP14,Hamish WATSON,CONTRACT_END,2026-09-14,CAS,2027,
TOP14,Gauthier DOUBRÈRE,CONTRACT_END,2026-09-14,CAS,2027,
TOP14,Jack GOODHUE,CONTRACT_END,2026-09-14,CAS,2027,
TOP14,Adam VARGAS,CONTRACT_END,2026-09-14,CAS,2027,
TOP14,Geoffrey PALIS,CONTRACT_END,2026-09-14,CAS,2027,
TOP14,Constans DAVILLÉ,CONTRACT_END,2026-09-14,CAS,,
TOP14,Elyan DUTHIL,CONTRACT_END,2026-09-14,CAS,,
TOP14,Gabin ISSALY,CONTRACT_END,2026-09-14,CAS,,
TOP14,Gabin WATERLOT,CONTRACT_END,2026-09-14,CAS,,
TOP14,Jean FORESTIER,CONTRACT_END,2026-09-14,CAS,,
TOP14,Kingbenjamin SWERLING-FINAIPEPE,CONTRACT_END,2026-09-14,CAS,,
TOP14,Moussa TAALEB,CONTRACT_END,2026-09-14,CAS,,
TOP14,Tom DELACOTE,CONTRACT_END,2026-09-14,CAS,,
TOP14,Yanick TOMO ENGOUANG NZE,CONTRACT_END,2026-09-14,CAS,,
TOP14,Achille STOESSEL,CONTRACT_END,2026-09-14,CAS,,
TOP14,Enzo SAINT-CYR AGUILAR,CONTRACT_END,2026-09-14,CAS,,
TOP14,Lukas MITU,CONTRACT_END,2026-09-14,CAS,,
TOP14,Mateo ALQUIER,CONTRACT_END,2026-09-14,CAS,,
TOP14,Sesoni TAMANI,CONTRACT_END,2026-09-14,CAS,,
TOP14,Martin ROULON,CONTRACT_END,2026-09-14,CAS,,
TOP14,Milo SELME DE MONDINI,CONTRACT_END,2026-09-14,CAS,,
TOP14,Nolhan CASSEZ,CONTRACT_END,2026-09-14,CAS,,
TOP14,Gabriel ROLLAND,CONTRACT_END,2026-09-14,CAS,,
TOP14,Kérian EL BAHRAOUI-MISSONNIER,CONTRACT_END,2026-09-14,CAS,,
TOP14,Louis GERBET,CONTRACT_END,2026-09-14,CAS,,
TOP14,Marius AUDEMAR-GHION,CONTRACT_END,2026-09-14,CAS,,
TOP14,Mathias BONAL,CONTRACT_END,2026-09-14,CAS,,
TOP14,Naël SALHI,CONTRACT_END,2026-09-14,CAS,,
TOP14,Robin BOYER,CONTRACT_END,2026-09-14,CAS,,
TOP14,Timothé VALET,CONTRACT_END,2026-09-14,CAS,,
TOP14,Byron CONTIVAL,CONTRACT_END,2026-09-14,CAS,,
TOP14,Romain CHABBAL,CONTRACT_END,2026-09-14,CAS,,
TOP14,Timéo GILLOUIN-LEMAIRE,CONTRACT_END,2026-09-14,CAS,,
TOP14,Louis BOTHOREL,CONTRACT_END,2026-09-14,CAS,,
TOP14,Louka DELPAS,CONTRACT_END,2026-09-14,CAS,,
TOP14,Aidan IONESCU,CONTRACT_END,2026-09-14,CAS,,
TOP14,Alfred MOUANDJO,CONTRACT_END,2026-09-14,CAS,2027,
TOP14,Florian VIVES,CONTRACT_END,2026-09-14,CAS,,
TOP14,Jules COTTIER,CONTRACT_END,2026-09-14,CAS,,
TOP14,Lorenzo CALOGERO,CONTRACT_END,2026-09-14,CAS,,
TOP14,Pierre OURTAUD-CREN,CONTRACT_END,2026-09-14,CAS,,
TOP14,Gabin RODIER,CONTRACT_END,2026-09-14,CAS,,
TOP14,Gautier SARRAUTE,CONTRACT_END,2026-09-14,CAS,,
TOP14,Lorenzo LAOUNA,CONTRACT_END,2026-09-14,CAS,,
TOP14,Mathys FALGUÉRA,CONTRACT_END,2026-09-14,CAS,,
TOP14,Beno OBANO,JOIN,2026-09-14,Bath (ANG),PAU,
TOP14,Youri DELHOMMEL,EXTENSION,2026-09-14,PAU,PAU,
TOP14,Jimi MAXIMIN,EXTENSION,2026-09-14,PAU,PAU,
TOP14,Daniel BIBI BIZIWU,CONTRACT_END,2026-09-14,PAU,2027,
TOP14,Guram PAPIDZE,CONTRACT_END,2026-09-14,PAU,2027,
TOP14,Jon ZABALA,CONTRACT_END,2026-09-14,PAU,2027,
TOP14,Lekso KAULASHVILI,CONTRACT_END,2026-09-14,PAU,2027,
TOP14,Rémi SÉNÉCA,CONTRACT_END,2026-09-14,PAU,2027,
TOP14,Siate TOKOLAHI,CONTRACT_END,2026-09-14,PAU,2027,
TOP14,Lucas REY,CONTRACT_END,2026-09-14,PAU,2027,
TOP14,Mickaël CAPELLI,CONTRACT_END,2026-09-14,PAU,2027,
TOP14,Facundo ISA,CONTRACT_END,2026-09-14,PAU,2027,
TOP14,Josselin BOUHIER,CONTRACT_END,2026-09-14,PAU,2027,
TOP14,Gonzalo GARCIA,CONTRACT_END,2026-09-14,PAU,2027,
TOP14,Clément MONDINAT,CONTRACT_END,2026-09-14,PAU,2027,
TOP14,Nathan DECRON,CONTRACT_END,2026-09-14,PAU,2027,
TOP14,Tumua MANU,CONTRACT_END,2026-09-14,PAU,2027,
TOP14,Grégoire ARFEUIL,CONTRACT_END,2026-09-14,PAU,2027,
TOP14,Clément LAPORTE,CONTRACT_END,2026-09-14,PAU,2027,
TOP14,Jack MADDOCKS,CONTRACT_END,2026-09-14,PAU,2027,
TOP14,Adam JAMI,CONTRACT_END,2026-09-14,PAU,,
TOP14,Édouard LOIZEAU,CONTRACT_END,2026-09-14,PAU,,
TOP14,Joseph ADAM,CONTRACT_END,2026-09-14,PAU,2027,
TOP14,Ludovic TAUFANA,CONTRACT_END,2026-09-14,PAU,,
TOP14,Macarius PEREIRA,CONTRACT_END,2026-09-14,PAU,2027,
TOP14,Sione MAILE,CONTRACT_END,2026-09-14,PAU,2027,
TOP14,Ilestio TUAULA,CONTRACT_END,2026-09-14,PAU,2027,
TOP14,Max MEAGHER,CONTRACT_END,2026-09-14,PAU,2027,
TOP14,Taimana AH-SCHA,CONTRACT_END,2026-09-14,PAU,2027,
TOP14,Tom GOEDEMONDT,CONTRACT_END,2026-09-14,PAU,,
TOP14,Clément PAUL,CONTRACT_END,2026-09-14,PAU,2027,
TOP14,Mehdi TLILI,CONTRACT_END,2026-09-14,PAU,2027,
TOP14,Gabriel ELISSALDE,CONTRACT_END,2026-09-14,PAU,,
TOP14,Louan COURTIÉ,CONTRACT_END,2026-09-14,PAU,2027,
TOP14,Quentin VALENTINO,CONTRACT_END,2026-09-14,PAU,2027,
TOP14,Zach FITTLER,CONTRACT_END,2026-09-14,PAU,2027,
TOP14,Diego MIRANDA,CONTRACT_END,2026-09-14,PAU,2027,
TOP14,Louis RIBAIMONT,CONTRACT_END,2026-09-14,PAU,2027,
TOP14,Pedro PÉREZ BUENO,CONTRACT_END,2026-09-14,PAU,2027,
TOP14,Valentin BOURGES,CONTRACT_END,2026-09-14,PAU,,
TOP14,Álvaro GARCÍA IANDOLINO,JOIN,2026-09-14,,BAY,
TOP14,Nika LOMIDZE,JOIN,2026-09-14,,BAY,
TOP14,Esteban CAPILLA,LEAVE,2026-09-14,BAY,Toulouse,
TOP14,Emerick SETIANO,CONTRACT_END,2026-09-14,BAY,2027,
TOP14,Pierre CASTILLON,CONTRACT_END,2026-09-14,BAY,2027,
TOP14,Swan CORMENIER,CONTRACT_END,2026-09-14,BAY,2027,
TOP14,Facundo BOSCH,CONTRACT_END,2026-09-14,BAY,2027,
TOP14,Lucas MARTIN,CONTRACT_END,2026-09-14,BAY,2027,
TOP14,Ewan JOHNSON,CONTRACT_END,2026-09-14,BAY,2027,
TOP14,Lucas PAULOS,CONTRACT_END,2026-09-14,BAY,2027,
TOP14,Baptiste HÉGUY,CONTRACT_END,2026-09-14,BAY,2027,
TOP14,Giovanni HABEL-KUEFFNER,CONTRACT_END,2026-09-14,BAY,2027,
TOP14,Rob LEOTA,CONTRACT_END,2026-09-14,BAY,2027,
TOP14,Rodrigo BRUNI,CONTRACT_END,2026-09-14,BAY,2027,
TOP14,Herschel JANTJIES,CONTRACT_END,2026-09-14,BAY,2027,
TOP14,Federico MORI,CONTRACT_END,2026-09-14,BAY,2027,
TOP14,Manu TUILAGI,CONTRACT_END,2026-09-14,BAY,2027,
TOP14,Viliame TUTUVULI,CONTRACT_END,2026-09-14,BAY,2027,
TOP14,Anatole DUBURCQ,CONTRACT_END,2026-09-14,BAY,,
TOP14,Hugo GONZÁLEZ,CONTRACT_END,2026-09-14,BAY,,
TOP14,Lucas OFFICIAL,CONTRACT_END,2026-09-14,BAY,,
TOP14,Nicolas VALLIN,CONTRACT_END,2026-09-14,BAY,,
TOP14,Patrice FALEVALU,CONTRACT_END,2026-09-14,BAY,,
TOP14,Petti ARROSSAGARAY,CONTRACT_END,2026-09-14,BAY,,
TOP14,Iban ERRECART,CONTRACT_END,2026-09-14,BAY,,
TOP14,Louka SALVI,CONTRACT_END,2026-09-14,BAY,,
TOP14,Rouane SIONÉ,CONTRACT_END,2026-09-14,BAY,,
TOP14,Alejandro BARRIOS,CONTRACT_END,2026-09-14,BAY,,
TOP14,Hugo LECLERQ,CONTRACT_END,2026-09-14,BAY,,
TOP14,Ignacio VALDES-LEIVA,CONTRACT_END,2026-09-14,BAY,,
TOP14,Marika NAURA,CONTRACT_END,2026-09-14,BAY,,
TOP14,Sohan DEALLE FACQUEZ,CONTRACT_END,2026-09-14,BAY,,
TOP14,Axel RIGAUD,CONTRACT_END,2026-09-14,BAY,,
TOP14,Juan HARINORDOQUY,CONTRACT_END,2026-09-14,BAY,,
TOP14,Luka SHULAIA,CONTRACT_END,2026-09-14,BAY,,
TOP14,Mahno DEALLE FACQUEZ,CONTRACT_END,2026-09-14,BAY,,
TOP14,Noa TRAVERSIER,CONTRACT_END,2026-09-14,BAY,2027,
TOP14,Ronan CAULE-DULER,CONTRACT_END,2026-09-14,BAY,,
TOP14,Martin PUCHEU-HAURET,CONTRACT_END,2026-09-14,BAY,,
TOP14,Diego LANGLOIS,CONTRACT_END,2026-09-14,BAY,,
TOP14,Clément BOURGUIGNON,CONTRACT_END,2026-09-14,BAY,,
TOP14,Gabriel LAPÈGUE,CONTRACT_END,2026-09-14,BAY,2027,
TOP14,Joseph MAGNE,CONTRACT_END,2026-09-14,BAY,,
TOP14,Leny MAIGNIEN,CONTRACT_END,2026-09-14,BAY,,
TOP14,Yanis LAHER,CONTRACT_END,2026-09-14,BAY,,
TOP14,Arthur CRÉPIN LEBLOND,CONTRACT_END,2026-09-14,BAY,,
TOP14,Telmo FISHER,CONTRACT_END,2026-09-14,BAY,,
TOP14,Jules COULON,JOIN,2026-09-14,Toulon,USAP,
TOP14,Gabin KRETCHMANN,JOIN,2026-09-14,,USAP,
TOP14,Brad AMITUANAI,CONTRACT_END,2026-09-14,USAP,,
TOP14,Ignacio RUIZ,CONTRACT_END,2026-09-14,USAP,2027,
TOP14,Sama MALOLO,CONTRACT_END,2026-09-14,USAP,2027,
TOP14,Adrien WARION,CONTRACT_END,2026-09-14,USAP,2027,
TOP14,Bastien CHINARRO,CONTRACT_END,2026-09-14,USAP,2027,
TOP14,Jonny GRAY,CONTRACT_END,2026-09-14,USAP,2027,
TOP14,Mathieu TANGUY,CONTRACT_END,2026-09-14,USAP,2027,
TOP14,Peceli YATO,CONTRACT_END,2026-09-14,USAP,2027,
TOP14,Jaco VAN TONDER,CONTRACT_END,2026-09-14,USAP,2027,
TOP14,Lucas VELARTE,CONTRACT_END,2026-09-14,USAP,2027,
TOP14,Mattéo LE CORVEC,CONTRACT_END,2026-09-14,USAP,2027,
TOP14,Patrick SOBÉLA,CONTRACT_END,2026-09-14,USAP,,
TOP14,Luke MCGRATH,CONTRACT_END,2026-09-14,USAP,2027,
TOP14,Tom ECOCHARD,CONTRACT_END,2026-09-14,USAP,2027,
TOP14,Benjamin URDAPILLETA,CONTRACT_END,2026-09-14,USAP,2027,
TOP14,Paolo GARBISI,CONTRACT_END,2026-09-14,USAP,2027,
TOP14,Jerónimo DE LA FUENTE,CONTRACT_END,2026-09-14,USAP,2027,
TOP14,Antoine AUCAGNE,CONTRACT_END,2026-09-14,USAP,2027,
TOP14,Tristan TEDDER,CONTRACT_END,2026-09-14,USAP,2027,
TOP14,Aymane EL FAHHAL,CONTRACT_END,2026-09-14,USAP,,
TOP14,Giorgi MESKHIDZE,CONTRACT_END,2026-09-14,USAP,,
TOP14,Joan BARCENILLA D'ONGHIA,CONTRACT_END,2026-09-14,USAP,,
TOP14,Louis MAS,CONTRACT_END,2026-09-14,USAP,,
TOP14,Mathys PILLAC,CONTRACT_END,2026-09-14,USAP,,
TOP14,Rudy NDINDA,CONTRACT_END,2026-09-14,USAP,,
TOP14,Sebastián POROH,CONTRACT_END,2026-09-14,USAP,,
TOP14,Melvyn ZAFRA,CONTRACT_END,2026-09-14,USAP,,
TOP14,Alexandru ION,CONTRACT_END,2026-09-14,USAP,,
TOP14,Davit LAGVILAVA,CONTRACT_END,2026-09-14,USAP,2027,
TOP14,Gabriel PIGÉ-YOYOTTE,CONTRACT_END,2026-09-14,USAP,,
TOP14,Giani CALLEGARI,CONTRACT_END,2026-09-14,USAP,,
TOP14,Thomas SÉRÉZAT,CONTRACT_END,2026-09-14,USAP,,
TOP14,Andro DVALI,CONTRACT_END,2026-09-14,USAP,2027,
TOP14,Ismael MILLÁN,CONTRACT_END,2026-09-14,USAP,,
TOP14,Jad OUAZZANI,CONTRACT_END,2026-09-14,USAP,,
TOP14,Julen GUILLOT,CONTRACT_END,2026-09-14,USAP,2027,
TOP14,Simon TATY,CONTRACT_END,2026-09-14,USAP,2027,
TOP14,Hugo BARON,CONTRACT_END,2026-09-14,USAP,,
TOP14,Joan LLOSENT,CONTRACT_END,2026-09-14,USAP,,
TOP14,Marc ARTILES,CONTRACT_END,2026-09-14,USAP,,
TOP14,Anthony GUIRADO,CONTRACT_END,2026-09-14,USAP,,
TOP14,Aurélien LÉCLUZE,CONTRACT_END,2026-09-14,USAP,,
TOP14,Maxim GRANELL,CONTRACT_END,2026-09-14,USAP,2027,
TOP14,Setareki TOGANIYADRAVA,CONTRACT_END,2026-09-14,USAP,,
TOP14,Simon SOL,CONTRACT_END,2026-09-14,USAP,,
TOP14,Charles SALIKIKORO,CONTRACT_END,2026-09-14,USAP,,
TOP14,Mayron FAHY,CONTRACT_END,2026-09-14,USAP,2027,
TOP14,Clovis LE BAIL,LEAVE,2026-09-14,VAN,,
TOP14,Nick SCHONERT,CONTRACT_END,2026-09-14,VAN,2027,
TOP14,Wayan DE BENEDITTIS,CONTRACT_END,2026-09-14,VAN,2027,
TOP14,Dave CHERRY,CONTRACT_END,2026-09-14,VAN,2027,
TOP14,Edoardo IACHIZZI,CONTRACT_END,2026-09-14,VAN,2027,
TOP14,Eric MARKS,CONTRACT_END,2026-09-14,VAN,2027,
TOP14,Thomas GEFFRÉ,CONTRACT_END,2026-09-14,VAN,2027,
TOP14,Timothé MÉZOU,CONTRACT_END,2026-09-14,VAN,2027,
TOP14,Juan Bautista PEDEMONTE,CONTRACT_END,2026-09-14,VAN,2027,
TOP14,Léon BOULIER,CONTRACT_END,2026-09-14,VAN,2027,
TOP14,Sione KALAMAFONI,CONTRACT_END,2026-09-14,VAN,2027,
TOP14,Steeve BLANC-MAPPAZ,CONTRACT_END,2026-09-14,VAN,2027,
TOP14,Mikheil ALANIA,CONTRACT_END,2026-09-14,VAN,2027,
TOP14,Ben STEVENSON,CONTRACT_END,2026-09-14,VAN,2027,
TOP14,Enzo BENMEGAL,CONTRACT_END,2026-09-14,VAN,2027,
TOP14,Romaric CAMOU,CONTRACT_END,2026-09-14,VAN,2027,
TOP14,Anthony BOUTHIER,CONTRACT_END,2026-09-14,VAN,2027,
TOP14,Hayden LAVERCOMBE,CONTRACT_END,2026-09-14,VAN,,
TOP14,Leviticus FUNA IUTA,CONTRACT_END,2026-09-14,VAN,,
TOP14,Oskars VITOLINS,CONTRACT_END,2026-09-14,VAN,,
TOP14,Petit Jean IPOSO OHOTO,CONTRACT_END,2026-09-14,VAN,,
TOP14,Sylvestre VAKAULIAFA,CONTRACT_END,2026-09-14,VAN,,
TOP14,Alessio CAÏOLO,CONTRACT_END,2026-09-14,VAN,,
TOP14,Armand DE ROCHEBOUËT,CONTRACT_END,2026-09-14,VAN,,
TOP14,Guénolé JOURDAIN,CONTRACT_END,2026-09-14,VAN,,
TOP14,Idris TAALO,CONTRACT_END,2026-09-14,VAN,,
TOP14,Jesse STEGEHUIS,CONTRACT_END,2026-09-14,VAN,2027,
TOP14,Rupeni BARAVILALA,CONTRACT_END,2026-09-14,VAN,,
TOP14,Adam BRENNAN,CONTRACT_END,2026-09-14,VAN,,
TOP14,Basile PAUL,CONTRACT_END,2026-09-14,VAN,,
TOP14,Ewen MORVAN,CONTRACT_END,2026-09-14,VAN,,
TOP14,Gabin BOURGEOIS,CONTRACT_END,2026-09-14,VAN,,
TOP14,Lino ALLARD,CONTRACT_END,2026-09-14,VAN,,
TOP14,Arthus MAROLLEAU,CONTRACT_END,2026-09-14,VAN,,
TOP14,Romain VALENTIN,CONTRACT_END,2026-09-14,VAN,,
TOP14,Robin GICQUEL,CONTRACT_END,2026-09-14,VAN,,
TOP14,Terence ROUTIER,CONTRACT_END,2026-09-14,VAN,,
TOP14,Valentin EPIS-KACZMAREK,CONTRACT_END,2026-09-14,VAN,,
TOP14,Gaëtan NGASSA MANAC'H,CONTRACT_END,2026-09-14,VAN,,
TOP14,Marin BOULIER,CONTRACT_END,2026-09-14,VAN,2027,
TOP14,Mateo ARAGÓN,CONTRACT_END,2026-09-14,VAN,,
TOP14,Nathanaël SENGA KOUO,CONTRACT_END,2026-09-14,VAN,,
TOP14,Paul BARD,CONTRACT_END,2026-09-14,VAN,,
TOP14,Philippe ROUDAUT,CONTRACT_END,2026-09-14,VAN,,
TOP14,Iliesa BARAVILALA,CONTRACT_END,2026-09-14,VAN,,
PROD2,Nika SUTIDZE,LEAVE,2026-09-14,BEZ,,
PROD2,Martin VERDU,LEAVE,2026-09-14,BEZ,,
PROD2,Gabin KRETCHMANN,LEAVE,2026-09-14,BEZ,,
PROD2,Julien RASAMOELINA,CONTRACT_END,2026-09-14,BEZ,2027,
PROD2,Yahnis EL MASLOUHI,CONTRACT_END,2026-09-14,BEZ,2027,
PROD2,Jonathan MAÏAU,CONTRACT_END,2026-09-14,BEZ,2027,
PROD2,Yvann LALEVÉE,CONTRACT_END,2026-09-14,BEZ,2027,
PROD2,Gillian BENOY,CONTRACT_END,2026-09-14,BEZ,2027,
PROD2,Shahn ERU,CONTRACT_END,2026-09-14,BEZ,2027,
PROD2,Apisalome KURUISAQILA,CONTRACT_END,2026-09-14,BEZ,2027,
PROD2,Sias KOEN,CONTRACT_END,2026-09-14,BEZ,2027,
PROD2,William VAN BOST,CONTRACT_END,2026-09-14,BEZ,2027,
PROD2,Adrien BAU,CONTRACT_END,2026-09-14,BEZ,2027,
PROD2,Damien AÑON,CONTRACT_END,2026-09-14,BEZ,2027,
PROD2,Charly MALIÉ,CONTRACT_END,2026-09-14,BEZ,2027,
PROD2,Victor DREUILLE,CONTRACT_END,2026-09-14,BEZ,2027,
PROD2,Paul RECOR,CONTRACT_END,2026-09-14,BEZ,2027,
PROD2,Nicolas PLAZY,CONTRACT_END,2026-09-14,BEZ,,
PROD2,Pierre COURTAUD,CONTRACT_END,2026-09-14,BEZ,2027,
PROD2,Duran KOEVORT,CONTRACT_END,2026-09-14,BEZ,2027,
PROD2,Louis JIMENEZ,CONTRACT_END,2026-09-14,BEZ,,
PROD2,Mathéo FUTHAZAR,CONTRACT_END,2026-09-14,BEZ,,
PROD2,Yanis LOCKWOOD,CONTRACT_END,2026-09-14,BEZ,2027,
PROD2,Diesel VAN DYK,CONTRACT_END,2026-09-14,BEZ,,
PROD2,Malo MALVAL,CONTRACT_END,2026-09-14,BEZ,,
PROD2,Antoine PAYRASTRE,CONTRACT_END,2026-09-14,BEZ,,
PROD2,Tanguy JAILLON,CONTRACT_END,2026-09-14,BEZ,,
PROD2,Thomas CANALETA,CONTRACT_END,2026-09-14,BEZ,,
PROD2,Louie WADE,CONTRACT_END,2026-09-14,BEZ,,
PROD2,Mathieu FRÉRET,CONTRACT_END,2026-09-14,BEZ,,
PROD2,Eliot BELLIEUD,CONTRACT_END,2026-09-14,BEZ,,
PROD2,Hugo LOGGENBERG,CONTRACT_END,2026-09-14,BEZ,,
PROD2,Arthur LEROUX,CONTRACT_END,2026-09-14,BEZ,,
PROD2,Enslin CLAASEN,CONTRACT_END,2026-09-14,BEZ,,
PROD2,Enzo FARNET,CONTRACT_END,2026-09-14,BEZ,,
PROD2,Wassil ZERKA,CONTRACT_END,2026-09-14,BEZ,,
PROD2,Temur TSULUKIDZE,JOIN,2026-09-14,,OYO,
PROD2,Louis MORLAND,LEAVE,2026-09-14,OYO,,
PROD2,Mohamed MEGHERBI,LEAVE,2026-09-14,OYO,,
PROD2,Charlie ABEL,CONTRACT_END,2026-09-14,OYO,,
PROD2,Martin VILLAR,CONTRACT_END,2026-09-14,OYO,2027,
PROD2,Mayco VIVAS,CONTRACT_END,2026-09-14,OYO,2027,
PROD2,Rémi DI PIETRO,CONTRACT_END,2026-09-14,OYO,,
PROD2,Feleti KAITU'U,CONTRACT_END,2026-09-14,OYO,2027,
PROD2,Julien RATAJCZAK,CONTRACT_END,2026-09-14,OYO,2027,
PROD2,Leone ROTUISOLIA,CONTRACT_END,2026-09-14,OYO,2027,
PROD2,Phoenix BATTYE,CONTRACT_END,2026-09-14,OYO,2027,
PROD2,Hugo HERMET,CONTRACT_END,2026-09-14,OYO,2027,
PROD2,Uzair CASSIEM,CONTRACT_END,2026-09-14,OYO,2027,
PROD2,Jules SOLINAS,CONTRACT_END,2026-09-14,OYO,2027,
PROD2,Luka MATKAVA,CONTRACT_END,2026-09-14,OYO,2027,
PROD2,Danny TOALA,CONTRACT_END,2026-09-14,OYO,2027,
PROD2,Lucas MENSA,CONTRACT_END,2026-09-14,OYO,2027,
PROD2,Gavin STARK,CONTRACT_END,2026-09-14,OYO,2027,
PROD2,Maxime SALLES,CONTRACT_END,2026-09-14,OYO,2027,
PROD2,Alex NEWSOME,CONTRACT_END,2026-09-14,OYO,2027,
PROD2,Paul AURADOU,CONTRACT_END,2026-09-14,OYO,2027,
PROD2,Fedi GHARBI,CONTRACT_END,2026-09-14,OYO,2027,
PROD2,Francesco GANDOSSI,CONTRACT_END,2026-09-14,OYO,2027,
PROD2,Martin CHAUVETTE,CONTRACT_END,2026-09-14,OYO,,
PROD2,Maxime NYSSEN,CONTRACT_END,2026-09-14,OYO,,
PROD2,Orhan AKBABA,CONTRACT_END,2026-09-14,OYO,2027,
PROD2,Thibault GRAVEL,CONTRACT_END,2026-09-14,OYO,,
PROD2,Clément PICHOWSKA,CONTRACT_END,2026-09-14,OYO,,
PROD2,Louis BEDEAU,CONTRACT_END,2026-09-14,OYO,2027,
PROD2,Mattéo MALLET,CONTRACT_END,2026-09-14,OYO,2027,
PROD2,Benjamin REY,CONTRACT_END,2026-09-14,OYO,,
PROD2,Mathis LOCATELLI,CONTRACT_END,2026-09-14,OYO,2027,
PROD2,Alessio CONTIGLIANI,CONTRACT_END,2026-09-14,OYO,,
PROD2,Giusca CODRIN,CONTRACT_END,2026-09-14,OYO,,
PROD2,Luke PEREIRA,CONTRACT_END,2026-09-14,OYO,2027,
PROD2,Nathan LAVAKA,CONTRACT_END,2026-09-14,OYO,2027,
PROD2,Valentin CHAMBERAUD,CONTRACT_END,2026-09-14,OYO,2027,
PROD2,Lisandru BLANC,CONTRACT_END,2026-09-14,OYO,,
PROD2,Paul NAVA,CONTRACT_END,2026-09-14,OYO,2027,
PROD2,Gigi SIRBILADZE,CONTRACT_END,2026-09-14,OYO,2027,
PROD2,Nathan FLAYEUX,CONTRACT_END,2026-09-14,OYO,2027,
PROD2,Clément TERRAZ,CONTRACT_END,2026-09-14,OYO,2027,
PROD2,Élien BROS,CONTRACT_END,2026-09-14,OYO,2027,
PROD2,Gabin ALLEMAND,CONTRACT_END,2026-09-14,OYO,2027,
PROD2,Siolesio HOATAU,CONTRACT_END,2026-09-14,OYO,2027,
PROD2,Trystan MAJCSAK,CONTRACT_END,2026-09-14,OYO,,
PROD2,Benjamin DUTARD,CONTRACT_END,2026-09-14,OYO,2027,
PROD2,Ewan PAQUET,CONTRACT_END,2026-09-14,OYO,2027,
PROD2,Loan LINARD,CONTRACT_END,2026-09-14,OYO,2027,
PROD2,Mathéo MORAIS,CONTRACT_END,2026-09-14,OYO,2027,
PROD2,Nolan DEBERNARD,CONTRACT_END,2026-09-14,OYO,,
PROD2,Théo PAVIOT,CONTRACT_END,2026-09-14,OYO,,
PROD2,Elijah ELDER,CONTRACT_END,2026-09-14,OYO,,
PROD2,Martin COLLOCH,CONTRACT_END,2026-09-14,OYO,,
PROD2,Maxime BELLETERRE,CONTRACT_END,2026-09-14,OYO,2027,
PROD2,Alexandre BORIE,EXTENSION,2026-09-14,COL,COL,
PROD2,Atonio ULUTUIPALELEI,CONTRACT_END,2026-09-14,COL,2027,
PROD2,Phil KITÉ,CONTRACT_END,2026-09-14,COL,2027,
PROD2,Thomas LARRIEU,CONTRACT_END,2026-09-14,COL,2027,
PROD2,Federico LAVANINI,CONTRACT_END,2026-09-14,COL,2027,
PROD2,Steven CUMMINS,CONTRACT_END,2026-09-14,COL,2027,
PROD2,Alexis CAUMEL,CONTRACT_END,2026-09-14,COL,2027,
PROD2,Eliott MAUREL,CONTRACT_END,2026-09-14,COL,2027,
PROD2,Jérémy BÉCHU,CONTRACT_END,2026-09-14,COL,2027,
PROD2,Jules DANGLOT,CONTRACT_END,2026-09-14,COL,2027,
PROD2,Théo GIRAL,CONTRACT_END,2026-09-14,COL,2027,
PROD2,Enzo SALLES,CONTRACT_END,2026-09-14,COL,2027,
PROD2,Farell DELOURMEL,CONTRACT_END,2026-09-14,COL,2027,
PROD2,Damien LAM,CONTRACT_END,2026-09-14,COL,,
PROD2,Fernando LARIOS,CONTRACT_END,2026-09-14,COL,,
PROD2,Valentin BARRET,CONTRACT_END,2026-09-14,COL,2027,
PROD2,Valentin TEMPLIN,CONTRACT_END,2026-09-14,COL,,
PROD2,Arthur CROS,CONTRACT_END,2026-09-14,COL,,
PROD2,Clovis CHIZAT,CONTRACT_END,2026-09-14,COL,,
PROD2,Mathis GRANGIER,CONTRACT_END,2026-09-14,COL,2027,
PROD2,Théo PÉDÉMONS,CONTRACT_END,2026-09-14,COL,2027,
PROD2,Baptiste ZUERAS,CONTRACT_END,2026-09-14,COL,,
PROD2,Eliott DUTHIL,CONTRACT_END,2026-09-14,COL,,
PROD2,Guillaume LAFFONT,CONTRACT_END,2026-09-14,COL,2027,
PROD2,Natan CULINAT,CONTRACT_END,2026-09-14,COL,2027,
PROD2,Antoine WORCZYNSKI,CONTRACT_END,2026-09-14,COL,,
PROD2,Gabin GALY,CONTRACT_END,2026-09-14,COL,,
PROD2,Alizio IGLESIAS,CONTRACT_END,2026-09-14,COL,,
PROD2,Maxime DUNAC,CONTRACT_END,2026-09-14,COL,,
PROD2,Romain PERRIER,CONTRACT_END,2026-09-14,COL,,
PROD2,Samuel LE SAUX,CONTRACT_END,2026-09-14,COL,,
PROD2,Alberto CARMONA,CONTRACT_END,2026-09-14,COL,2027,
PROD2,Mahamadou COULIBALY,EXTENSION,2026-09-14,NEV,NEV,
PROD2,Aselo IKAHEHEGI,CONTRACT_END,2026-09-14,NEV,2027,
PROD2,Efi MA'AFU,CONTRACT_END,2026-09-14,NEV,2027,
PROD2,Luka PETRIASHVILI,CONTRACT_END,2026-09-14,NEV,2027,
PROD2,Charlie FRANCOZ,CONTRACT_END,2026-09-14,NEV,2027,
PROD2,Maxence BARJAUD,CONTRACT_END,2026-09-14,NEV,2027,
PROD2,Paul JEDRASIAK,CONTRACT_END,2026-09-14,NEV,2027,
PROD2,Ugo VIGNOLLES,CONTRACT_END,2026-09-14,NEV,2027,
PROD2,Hugues BASTIDE,CONTRACT_END,2026-09-14,NEV,2027,
PROD2,Jason FRASER,CONTRACT_END,2026-09-14,NEV,2027,
PROD2,Julien KAZUBEK,CONTRACT_END,2026-09-14,NEV,2027,
PROD2,Guillaume MANEVY,CONTRACT_END,2026-09-14,NEV,2027,
PROD2,Liam TURNER,CONTRACT_END,2026-09-14,NEV,2027,
PROD2,Noa POMMELET,CONTRACT_END,2026-09-14,NEV,2027,
PROD2,Rudy DERRIEUX,CONTRACT_END,2026-09-14,NEV,2027,
PROD2,Varian PASQUET,CONTRACT_END,2026-09-14,NEV,2027,
PROD2,Ebenezer TSHIMANGA,CONTRACT_END,2026-09-14,NEV,2027,
PROD2,Lucas BLANC,CONTRACT_END,2026-09-14,NEV,2027,
PROD2,Tom DELEUZE,CONTRACT_END,2026-09-14,NEV,2027,
PROD2,Alban FAIVRE,CONTRACT_END,2026-09-14,NEV,,
PROD2,Erik MEROI,CONTRACT_END,2026-09-14,NEV,,
PROD2,Léopold LEROUEIL,CONTRACT_END,2026-09-14,NEV,,
PROD2,Mattéo DONJOUX,CONTRACT_END,2026-09-14,NEV,,
PROD2,Saba NOZADZE,CONTRACT_END,2026-09-14,NEV,,
PROD2,Bastien PÉPIN,CONTRACT_END,2026-09-14,NEV,2027,
PROD2,Charlie HELLER,CONTRACT_END,2026-09-14,NEV,,
PROD2,Camille VALLÉE,CONTRACT_END,2026-09-14,NEV,,
PROD2,Enzo LOISEAU,CONTRACT_END,2026-09-14,NEV,,
PROD2,Wendemi VIELLARD,CONTRACT_END,2026-09-14,NEV,2027,
PROD2,Hugo FRANIATTE,CONTRACT_END,2026-09-14,NEV,,
PROD2,Fred GUILLET,CONTRACT_END,2026-09-14,NEV,,
PROD2,Yanis BRILLANT,CONTRACT_END,2026-09-14,NEV,2027,
PROD2,Josefa UBITAU,CONTRACT_END,2026-09-14,NEV,,
PROD2,Maxime CLAUX,CONTRACT_END,2026-09-14,NEV,,
PROD2,Gabin ROCHER,CONTRACT_END,2026-09-14,NEV,2027,
PROD2,Jioji KOROINAWAI,CONTRACT_END,2026-09-14,NEV,,
PROD2,Titouan ROINEL,CONTRACT_END,2026-09-14,NEV,,
PROD2,Enoal JOGUET,CONTRACT_END,2026-09-14,NEV,,
PROD2,Shamesdine HASNAOUI,CONTRACT_END,2026-09-14,NEV,,
PROD2,Raphaël PORTAT,LEAVE,2026-09-14,AIX,,
PROD2,Federico WEGRZYN,CONTRACT_END,2026-09-14,AIX,2027,
PROD2,Hugo N'DIAYE,CONTRACT_END,2026-09-14,AIX,,
PROD2,Julius NOSTADT,CONTRACT_END,2026-09-14,AIX,2027,
PROD2,Sébastien TAOFIFENUA,CONTRACT_END,2026-09-14,AIX,2027,
PROD2,Kapeli PIFELETI JR,CONTRACT_END,2026-09-14,AIX,2027,
PROD2,Romain LATTERRADE,CONTRACT_END,2026-09-14,AIX,2027,
PROD2,Andrés ZAFRA,CONTRACT_END,2026-09-14,AIX,2027,
PROD2,Renger VAN EERTEN,CONTRACT_END,2026-09-14,AIX,2027,
PROD2,Albert TUISUE,CONTRACT_END,2026-09-14,AIX,2027,
PROD2,Charly GAMBINI,CONTRACT_END,2026-09-14,AIX,2027,
PROD2,Malohi SUTA,CONTRACT_END,2026-09-14,AIX,2027,
PROD2,Teimana HARRISON,CONTRACT_END,2026-09-14,AIX,2027,
PROD2,Tyler ARDRON,CONTRACT_END,2026-09-14,AIX,2027,
PROD2,Thomas SALLES,CONTRACT_END,2026-09-14,AIX,2027,
PROD2,Inga FINAU,CONTRACT_END,2026-09-14,AIX,2027,
PROD2,Pierre LUCAS,CONTRACT_END,2026-09-14,AIX,2027,
PROD2,Adrien LAPÈGUE,CONTRACT_END,2026-09-14,AIX,2027,
PROD2,Nadir BOUHEDJEUR,CONTRACT_END,2026-09-14,AIX,2027,
PROD2,Kélian AISSIOU,CONTRACT_END,2026-09-14,AIX,,
PROD2,Mathéo ALLIER,CONTRACT_END,2026-09-14,AIX,,
PROD2,Mattéo FOURCADE,CONTRACT_END,2026-09-14,AIX,,
PROD2,Wesley MASIMA,CONTRACT_END,2026-09-14,AIX,,
PROD2,Augustin MOLLET,CONTRACT_END,2026-09-14,AIX,2027,
PROD2,Balthazar CHAPEAU,CONTRACT_END,2026-09-14,AIX,,
PROD2,Bas VAN RAVENSTEIN,CONTRACT_END,2026-09-14,AIX,,
PROD2,Idris ABID,CONTRACT_END,2026-09-14,AIX,,
PROD2,Rémi ROUX,CONTRACT_END,2026-09-14,AIX,,
PROD2,Florent BERTOUT,CONTRACT_END,2026-09-14,AIX,,
PROD2,Luca MAZÈRES,CONTRACT_END,2026-09-14,AIX,2027,
PROD2,Unax CARBALLO,CONTRACT_END,2026-09-14,AIX,,
PROD2,Aubin GEFFRAY,CONTRACT_END,2026-09-14,AIX,,
PROD2,Martino PUCCIARIELLO,CONTRACT_END,2026-09-14,AIX,,
PROD2,Noah CHAMPET,CONTRACT_END,2026-09-14,AIX,,
PROD2,Tom FRÉLAUT,CONTRACT_END,2026-09-14,AIX,,
PROD2,Valentin IBANEZ,CONTRACT_END,2026-09-14,AIX,2027,
PROD2,Gabin SADONES,CONTRACT_END,2026-09-14,AIX,,
PROD2,Nicolas MAGIMEL,CONTRACT_END,2026-09-14,AIX,,
PROD2,Paul CELLIO-ZWILER,CONTRACT_END,2026-09-14,AIX,,
PROD2,Johan BOIRON,CONTRACT_END,2026-09-14,AIX,,
PROD2,Cody THOMAS,CONTRACT_END,2026-09-14,GRE,2027,
PROD2,Giorgi PERTAIA,CONTRACT_END,2026-09-14,GRE,2027,
PROD2,Théo LAVOINE,CONTRACT_END,2026-09-14,GRE,2027,
PROD2,Tommy RAYNAUD,CONTRACT_END,2026-09-14,GRE,,
PROD2,Zack GAUTHIER,CONTRACT_END,2026-09-14,GRE,2027,
PROD2,Romain RUFFENACH,CONTRACT_END,2026-09-14,GRE,2027,
PROD2,Brandon NANSEN,CONTRACT_END,2026-09-14,GRE,,
PROD2,Cameron HOLT,CONTRACT_END,2026-09-14,GRE,2027,
PROD2,Josh THOMPSON,CONTRACT_END,2026-09-14,GRE,2027,
PROD2,Antonin BERRUYER,CONTRACT_END,2026-09-14,GRE,2027,
PROD2,Barnabé COUILLOUD,CONTRACT_END,2026-09-14,GRE,2027,
PROD2,Eric ESCANDE,CONTRACT_END,2026-09-14,GRE,2027,
PROD2,Lucas BERTI,CONTRACT_END,2026-09-14,GRE,2027,
PROD2,Max CLÉMENT,CONTRACT_END,2026-09-14,GRE,2027,
PROD2,Gerswin MOUTON,CONTRACT_END,2026-09-14,GRE,2027,
PROD2,Julien HÉRITEAU,CONTRACT_END,2026-09-14,GRE,2027,
PROD2,Romain FUSIER,CONTRACT_END,2026-09-14,GRE,2027,
PROD2,Nadir MEGDOUD,CONTRACT_END,2026-09-14,GRE,,
PROD2,Raffaele COSTA STORTI,CONTRACT_END,2026-09-14,GRE,2027,
PROD2,Hugo TROUILLOUD,CONTRACT_END,2026-09-14,GRE,2027,
PROD2,Alexandre LANGLOIS,CONTRACT_END,2026-09-14,GRE,,
PROD2,Noa STOFFEL,CONTRACT_END,2026-09-14,GRE,,
PROD2,Rémi LANNIER,CONTRACT_END,2026-09-14,GRE,,
PROD2,Thibaud COMMANDEUR,CONTRACT_END,2026-09-14,GRE,,
PROD2,Thibaut GOURDON,CONTRACT_END,2026-09-14,GRE,,
PROD2,Valentin BERRUYER,CONTRACT_END,2026-09-14,GRE,,
PROD2,Émile HERMANN,CONTRACT_END,2026-09-14,GRE,,
PROD2,Jérémy TOEVALU,CONTRACT_END,2026-09-14,GRE,2027,
PROD2,Victor GAYET,CONTRACT_END,2026-09-14,GRE,,
PROD2,Charlton HOLWILL,CONTRACT_END,2026-09-14,GRE,,
PROD2,Faber SIEBENGA,CONTRACT_END,2026-09-14,GRE,,
PROD2,Ilan GAUVREAU,CONTRACT_END,2026-09-14,GRE,,
PROD2,Maxence CHAFFARDON,CONTRACT_END,2026-09-14,GRE,,
PROD2,Noé THÉRAUBE,CONTRACT_END,2026-09-14,GRE,,
PROD2,Thomas DARIER,CONTRACT_END,2026-09-14,GRE,,
PROD2,Benoît MICHAUD,CONTRACT_END,2026-09-14,GRE,,
PROD2,John TAUFA,CONTRACT_END,2026-09-14,GRE,,
PROD2,Joseph BECQUAERT,CONTRACT_END,2026-09-14,GRE,,
PROD2,Loan DROGO,CONTRACT_END,2026-09-14,GRE,,
PROD2,Roman BARTHALAY,CONTRACT_END,2026-09-14,GRE,,
PROD2,Taniela LOUTONGO,CONTRACT_END,2026-09-14,GRE,,
PROD2,Auguste PAIN,CONTRACT_END,2026-09-14,GRE,,
PROD2,Germain DE BORDA,CONTRACT_END,2026-09-14,GRE,2027,
PROD2,Marius CANAVESIO,CONTRACT_END,2026-09-14,GRE,,
PROD2,Thibault BOUZEGAYA,CONTRACT_END,2026-09-14,GRE,,
PROD2,Chris HENNIG,CONTRACT_END,2026-09-14,GRE,,
PROD2,Rhys MORATA,CONTRACT_END,2026-09-14,GRE,,
PROD2,Corentin PECCAUD,CONTRACT_END,2026-09-14,GRE,,
PROD2,Gabin MORALES,CONTRACT_END,2026-09-14,GRE,,
PROD2,Lucas PRAT,CONTRACT_END,2026-09-14,GRE,,
PROD2,Tyreese ROBIN,CONTRACT_END,2026-09-14,GRE,,
PROD2,Yanis JAOUHER,CONTRACT_END,2026-09-14,GRE,,
PROD2,Axel GAGET,CONTRACT_END,2026-09-14,GRE,,
PROD2,Cyprien FUTIN,CONTRACT_END,2026-09-14,GRE,,
PROD2,Doryan PETIT-GENET,CONTRACT_END,2026-09-14,GRE,,
PROD2,Mathias FICHARD,CONTRACT_END,2026-09-14,GRE,,
PROD2,Nathan COUTIN,CONTRACT_END,2026-09-14,GRE,,
PROD2,Thomas ALARY,CONTRACT_END,2026-09-14,GRE,,
PROD2,Mathieu ACÉBÈS,LEAVE,2026-09-14,BIA,Retraite,
PROD2,Álvaro GARCÍA IANDOLINO,LEAVE,2026-09-14,BIA,,
PROD2,Alexandre PLANTIER,CONTRACT_END,2026-09-14,BIA,2027,
PROD2,Quentin SAMARAN,CONTRACT_END,2026-09-14,BIA,,
PROD2,Regi CHURCHWARD,CONTRACT_END,2026-09-14,BIA,2027,
PROD2,Zakaria EL FAKIR,CONTRACT_END,2026-09-14,BIA,2027,
PROD2,Yohan BEHEREGARAY,CONTRACT_END,2026-09-14,BIA,2027,
PROD2,Aston FORTUIN,CONTRACT_END,2026-09-14,BIA,2027,
PROD2,Heath BACKHOUSE,CONTRACT_END,2026-09-14,BIA,2027,
PROD2,Johnny DYER,CONTRACT_END,2026-09-14,BIA,2027,
PROD2,Aitor HOURCADE,CONTRACT_END,2026-09-14,BIA,2027,
PROD2,Alban PLACINES,CONTRACT_END,2026-09-14,BIA,2027,
PROD2,Jessy JEGERLEHNER,CONTRACT_END,2026-09-14,BIA,2027,
PROD2,Sione VAILANU,CONTRACT_END,2026-09-14,BIA,,
PROD2,Yoni TUATAANE,CONTRACT_END,2026-09-14,BIA,2027,
PROD2,Kerman AURREKOETXEA,CONTRACT_END,2026-09-14,BIA,2027,
PROD2,Yann LESGOURGUES,CONTRACT_END,2026-09-14,BIA,2027,
PROD2,Edgar RETIÈRE,CONTRACT_END,2026-09-14,BIA,2027,
PROD2,Thomas DOLHAGARAY,CONTRACT_END,2026-09-14,BIA,2027,
PROD2,Carlo MIGNOT,CONTRACT_END,2026-09-14,BIA,2027,
PROD2,Arthur BONNEVAL,CONTRACT_END,2026-09-14,BIA,,
PROD2,Bastien GUILLEMIN,CONTRACT_END,2026-09-14,BIA,2027,
PROD2,Nicolas ELISSONDO,CONTRACT_END,2026-09-14,BIA,,
PROD2,Ilyes SEDDI,CONTRACT_END,2026-09-14,BIA,2027,
PROD2,Kepa EBODE-NKOA,CONTRACT_END,2026-09-14,BIA,2027,
PROD2,Timothé PELLOUX,CONTRACT_END,2026-09-14,BIA,,
PROD2,Anas BARARA,CONTRACT_END,2026-09-14,BIA,,
PROD2,Unax GOIKOETXEA,CONTRACT_END,2026-09-14,BIA,,
PROD2,Ellande SANDERSON,CONTRACT_END,2026-09-14,BIA,2027,
PROD2,JP LOMBAARD,CONTRACT_END,2026-09-14,BIA,,
PROD2,Jules SOUBIRA,CONTRACT_END,2026-09-14,BIA,,
PROD2,Arthur CALVET,CONTRACT_END,2026-09-14,BIA,2027,
PROD2,Baptiste BRITZ,CONTRACT_END,2026-09-14,BIA,,
PROD2,Quentin RUCCI,CONTRACT_END,2026-09-14,BIA,,
PROD2,Hugo MAZAS,CONTRACT_END,2026-09-14,BIA,,
PROD2,Niccolò BENI,CONTRACT_END,2026-09-14,BIA,2027,
PROD2,Milo LAINÉ,CONTRACT_END,2026-09-14,BIA,,
PROD2,Raphaël DUBOIS,CONTRACT_END,2026-09-14,BIA,2027,
PROD2,Tomás MARQUES,CONTRACT_END,2026-09-14,BIA,,
PROD2,Killian BONDI,CONTRACT_END,2026-09-14,BIA,,
PROD2,Marius LARRIBAUD,CONTRACT_END,2026-09-14,BIA,,
PROD2,Téo HIRSCHLER,CONTRACT_END,2026-09-14,BIA,2027,
PROD2,Thomas BIDABÉ,CONTRACT_END,2026-09-14,BIA,2027,
PROD2,Yohan TAPIE,CONTRACT_END,2026-09-14,BIA,2027,
PROD2,Charlie LAFON,CONTRACT_END,2026-09-14,BIA,,
PROD2,Andoni ECHEGARAY,CONTRACT_END,2026-09-14,BIA,2027,
PROD2,Arnaud DUPUTS,LEAVE,2026-09-14,AGE,Retraite,
PROD2,Lucas MARTINS,LEAVE,2026-09-14,AGE,Castres,
PROD2,Lucien RICHARDIS,LEAVE,2026-09-14,AGE,,
PROD2,Kolinio RAMOKA,EXTENSION,2026-09-14,AGE,AGE,
PROD2,Florent GUION,CONTRACT_END,2026-09-14,AGE,2027,
PROD2,Hans LOMBARD-BURET,CONTRACT_END,2026-09-14,AGE,2027,
PROD2,Cyril DELIGNY,CONTRACT_END,2026-09-14,AGE,2027,
PROD2,Santi SOCINO,CONTRACT_END,2026-09-14,AGE,2027,
PROD2,Javier EISSMANN,CONTRACT_END,2026-09-14,AGE,2027,
PROD2,William DEMOTTE,CONTRACT_END,2026-09-14,AGE,2027,
PROD2,Matthieu BONNET,CONTRACT_END,2026-09-14,AGE,2027,
PROD2,Tomasi FINEANGANOFO,CONTRACT_END,2026-09-14,AGE,2027,
PROD2,Craig WILLIS,CONTRACT_END,2026-09-14,AGE,2027,
PROD2,Peyo MUSCARDITZ,CONTRACT_END,2026-09-14,AGE,2027,
PROD2,Sio TOMKINSON,CONTRACT_END,2026-09-14,AGE,2027,
PROD2,Iban ETCHEVERRY,CONTRACT_END,2026-09-14,AGE,2027,
PROD2,Louis DUPICHOT,CONTRACT_END,2026-09-14,AGE,2027,
PROD2,Alexandre EVERAERT,CONTRACT_END,2026-09-14,AGE,,
PROD2,Archil NOZADZE,CONTRACT_END,2026-09-14,AGE,,
PROD2,Bastien DARRÉ,CONTRACT_END,2026-09-14,AGE,,
PROD2,Clément SARTRE,CONTRACT_END,2026-09-14,AGE,,
PROD2,Jaz BARRES,CONTRACT_END,2026-09-14,AGE,2027,
PROD2,Deyan NEPVEUX,CONTRACT_END,2026-09-14,AGE,2027,
PROD2,Iván FARACE,CONTRACT_END,2026-09-14,AGE,2027,
PROD2,Maé RIVIÈRE,CONTRACT_END,2026-09-14,AGE,,
PROD2,Angelo PREVITALI,CONTRACT_END,2026-09-14,AGE,2027,
PROD2,Ben NEHRING,CONTRACT_END,2026-09-14,AGE,,
PROD2,Camille GERMAIN,CONTRACT_END,2026-09-14,AGE,2027,
PROD2,Arthur GARIOUB,CONTRACT_END,2026-09-14,AGE,,
PROD2,Dewan DU PREEZ,CONTRACT_END,2026-09-14,AGE,2027,
PROD2,Elliot CALVET,CONTRACT_END,2026-09-14,AGE,2027,
PROD2,Enzo SÉRIEYSSOL,CONTRACT_END,2026-09-14,AGE,2027,
PROD2,Johan BOUGRER,CONTRACT_END,2026-09-14,AGE,,
PROD2,Sialevailea TOLOFUA,CONTRACT_END,2026-09-14,AGE,2027,
PROD2,Paolo LARAN,CONTRACT_END,2026-09-14,AGE,,
PROD2,Paul LALBAT,CONTRACT_END,2026-09-14,AGE,,
PROD2,Tom MÉNANTEAU,CONTRACT_END,2026-09-14,AGE,,
PROD2,Auxence VIGNON,CONTRACT_END,2026-09-14,AGE,,
PROD2,Gabin ANDRIEUX,CONTRACT_END,2026-09-14,AGE,2027,
PROD2,Jules FOURNIER,CONTRACT_END,2026-09-14,AGE,2027,
PROD2,Kian RAYMOND,CONTRACT_END,2026-09-14,AGE,,
PROD2,Mylan SOSSÉ,CONTRACT_END,2026-09-14,AGE,,
PROD2,Ollie CUMMINS,CONTRACT_END,2026-09-14,AGE,2027,
PROD2,Arthur DECHAUME,CONTRACT_END,2026-09-14,AGE,,
PROD2,Timéo GAYRAL,CONTRACT_END,2026-09-14,AGE,,
PROD2,Tom DELALAIN,CONTRACT_END,2026-09-14,AGE,2027,
PROD2,Hugo REILHÈS,CONTRACT_END,2026-09-14,BRI,2027,
PROD2,John Henry FINCHAM,CONTRACT_END,2026-09-14,BRI,,
PROD2,Louis MARY,CONTRACT_END,2026-09-14,BRI,2027,
PROD2,Marcel VAN DER MERWE,CONTRACT_END,2026-09-14,BRI,2027,
PROD2,Simon-Pierre CHAUVAC,CONTRACT_END,2026-09-14,BRI,2027,
PROD2,Alexandre RICARD,CONTRACT_END,2026-09-14,BRI,2027,
PROD2,Anthony COLETTA,CONTRACT_END,2026-09-14,BRI,2027,
PROD2,Irné HERBST,CONTRACT_END,2026-09-14,BRI,2027,
PROD2,Konstantine MIKAUTADZE,CONTRACT_END,2026-09-14,BRI,2027,
PROD2,Henco VENTER,CONTRACT_END,2026-09-14,BRI,2027,
PROD2,Sasha GUÉ,CONTRACT_END,2026-09-14,BRI,2027,
PROD2,Taniela SADRUGU,CONTRACT_END,2026-09-14,BRI,2027,
PROD2,John COONEY,CONTRACT_END,2026-09-14,BRI,2027,
PROD2,Jamie SHILLCOCK,CONTRACT_END,2026-09-14,BRI,2027,
PROD2,Maxence BIASOTTO,CONTRACT_END,2026-09-14,BRI,2027,
PROD2,Nic KRONE,CONTRACT_END,2026-09-14,BRI,2027,
PROD2,Asaeli TUIVUAKA,CONTRACT_END,2026-09-14,BRI,2027,
PROD2,Quentin ALGAY,CONTRACT_END,2026-09-14,BRI,,
PROD2,Valerio SICILIANO,CONTRACT_END,2026-09-14,BRI,,
PROD2,Luke GRIFFITHS,CONTRACT_END,2026-09-14,BRI,2027,
PROD2,Nathan CLAASSEN,CONTRACT_END,2026-09-14,BRI,,
PROD2,Teun KARST,CONTRACT_END,2026-09-14,BRI,2027,
PROD2,David GENESTE,CONTRACT_END,2026-09-14,BRI,2027,
PROD2,Régis OMBY,CONTRACT_END,2026-09-14,BRI,,
PROD2,Mathéo GUYON,CONTRACT_END,2026-09-14,BRI,2027,
PROD2,Mattin LAURENT,CONTRACT_END,2026-09-14,BRI,2027,
PROD2,Leny BRONCAN,CONTRACT_END,2026-09-14,BRI,2027,
PROD2,Bastien MASSÉ,CONTRACT_END,2026-09-14,BRI,2027,
PROD2,Victor RAYEUR,CONTRACT_END,2026-09-14,BRI,2027,
PROD2,Baptiste PEYRAMARD,CONTRACT_END,2026-09-14,BRI,2027,
PROD2,Benjamin LEFRANC,CONTRACT_END,2026-09-14,BRI,2027,
PROD2,Beau FARRANCE,CONTRACT_END,2026-09-14,NIC,2027,
PROD2,Fabio GONZALEZ,CONTRACT_END,2026-09-14,NIC,,
PROD2,Hayden THOMPSON-STRINGER,CONTRACT_END,2026-09-14,NIC,2027,
PROD2,Jules MARTINEZ,CONTRACT_END,2026-09-14,NIC,2027,
PROD2,Luvuyo PUPUMA,CONTRACT_END,2026-09-14,NIC,2027,
PROD2,Vazha KAPANADZE,CONTRACT_END,2026-09-14,NIC,2027,
PROD2,Pat LEAFA,CONTRACT_END,2026-09-14,NIC,2027,
PROD2,Evan OLMSTEAD,CONTRACT_END,2026-09-14,NIC,2027,
PROD2,Thibaud REY,CONTRACT_END,2026-09-14,NIC,2027,
PROD2,Enzo LABADIE,CONTRACT_END,2026-09-14,NIC,2027,
PROD2,Iakopo MAPU,CONTRACT_END,2026-09-14,NIC,2027,
PROD2,Jordan TAUFUA,CONTRACT_END,2026-09-14,NIC,2027,
PROD2,Masivesi DAKUWAQA,CONTRACT_END,2026-09-14,NIC,2027,
PROD2,Guillaume ROUET,CONTRACT_END,2026-09-14,NIC,2027,
PROD2,Owen WILLIAMS,CONTRACT_END,2026-09-14,NIC,2027,
PROD2,Baptiste LAFOND,CONTRACT_END,2026-09-14,NIC,2027,
PROD2,Francis SAILI,CONTRACT_END,2026-09-14,NIC,2027,
PROD2,Jean-Pascal BARRAQUE,CONTRACT_END,2026-09-14,NIC,2027,
PROD2,Wassim KODAD,CONTRACT_END,2026-09-14,NIC,2027,
PROD2,Andy BOSSERAY,CONTRACT_END,2026-09-14,NIC,,
PROD2,Émile BLONDIN,CONTRACT_END,2026-09-14,NIC,,
PROD2,Juan José BERGAMASCHI,CONTRACT_END,2026-09-14,NIC,,
PROD2,Kylian LAURANS,CONTRACT_END,2026-09-14,NIC,2027,
PROD2,Lylian ZÉLIOLI,CONTRACT_END,2026-09-14,NIC,,
PROD2,Antoine CASTAIGNÈDE,CONTRACT_END,2026-09-14,NIC,2027,
PROD2,Jules BERTOLIN,CONTRACT_END,2026-09-14,NIC,,
PROD2,Clément FLAMBART,CONTRACT_END,2026-09-14,NIC,,
PROD2,Giorgi KHAINDRAVA,CONTRACT_END,2026-09-14,NIC,2027,
PROD2,Andi BERGER,CONTRACT_END,2026-09-14,NIC,,
PROD2,Noah NIEL,CONTRACT_END,2026-09-14,NIC,,
PROD2,Adrien BAU,LEAVE,2026-09-14,ANG,Béziers,
PROD2,Pone FA'AMAUSILI,CONTRACT_END,2026-09-14,ANG,2027,
PROD2,Sami ZOUHAÏR,CONTRACT_END,2026-09-14,ANG,2027,
PROD2,Yassin BOUTEMMANI,CONTRACT_END,2026-09-14,ANG,,
PROD2,Mamoudou MEÏTÉ,CONTRACT_END,2026-09-14,ANG,2027,
PROD2,Patxi BIDART,CONTRACT_END,2026-09-14,ANG,2027,
PROD2,Léo LABARTHE,CONTRACT_END,2026-09-14,ANG,2027,
PROD2,Richie ARNOLD,CONTRACT_END,2026-09-14,ANG,2027,
PROD2,Clément SENTUBÉRY,CONTRACT_END,2026-09-14,ANG,2027,
PROD2,Germain BURGAUD,CONTRACT_END,2026-09-14,ANG,2027,
PROD2,Hubert TEXIER,CONTRACT_END,2026-09-14,ANG,2027,
PROD2,Jean-Maurice DECUBBER,CONTRACT_END,2026-09-14,ANG,2027,
PROD2,Maxence LEMARDELET,CONTRACT_END,2026-09-14,ANG,2027,
PROD2,Samuel NOLLET,CONTRACT_END,2026-09-14,ANG,2027,
PROD2,Alexis LEVRON,CONTRACT_END,2026-09-14,ANG,2027,
PROD2,Ben BOTICA,CONTRACT_END,2026-09-14,ANG,2027,
PROD2,Corentin GLÉNAT,CONTRACT_END,2026-09-14,ANG,2027,
PROD2,Paul BERGÈS,CONTRACT_END,2026-09-14,ANG,2027,
PROD2,George TILSLEY,CONTRACT_END,2026-09-14,ANG,2027,
PROD2,Mathis LAFON,CONTRACT_END,2026-09-14,ANG,2027,
PROD2,Eoghan BARRETT,CONTRACT_END,2026-09-14,ANG,2027,
PROD2,Nathan FARISSIER,CONTRACT_END,2026-09-14,ANG,2027,
PROD2,Peter LYDON,CONTRACT_END,2026-09-14,ANG,,
PROD2,Jean-Yves LIUFAU,CONTRACT_END,2026-09-14,ANG,2027,
PROD2,Kaliova BULAI,CONTRACT_END,2026-09-14,ANG,2027,
PROD2,Clément SENNELIER,CONTRACT_END,2026-09-14,ANG,,
PROD2,Romain BORKOWSKI,CONTRACT_END,2026-09-14,ANG,,
PROD2,Charli TAINMONT,CONTRACT_END,2026-09-14,ANG,,
PROD2,Iliesa ERENAVULA,CONTRACT_END,2026-09-14,ANG,2027,
PROD2,Pierre-Antoine RATIVEAU,CONTRACT_END,2026-09-14,ANG,,
PROD2,Antonin DUMAS,CONTRACT_END,2026-09-14,ANG,,
PROD2,Emilio BRANCA,CONTRACT_END,2026-09-14,ANG,,
PROD2,Giorgi SUTIASHVILI,CONTRACT_END,2026-09-14,ANG,,
PROD2,Ratu Nemani KURUCAKE,CONTRACT_END,2026-09-14,ANG,2027,
PROD2,Baptiste ESCOFFRE,CONTRACT_END,2026-09-14,ANG,,
PROD2,Luca GARNUNG,CONTRACT_END,2026-09-14,ANG,,
PROD2,Nathan BERNADET,CONTRACT_END,2026-09-14,ANG,,
PROD2,Avakuki NIUSALELEKITOGA,CONTRACT_END,2026-09-14,ANG,2027,
PROD2,Katende TUMBA,CONTRACT_END,2026-09-14,ANG,2027,
PROD2,Noé DARRÉLATOUR,CONTRACT_END,2026-09-14,ANG,2027,
PROD2,David LOLOHEA,CONTRACT_END,2026-09-14,DAX,2027,
PROD2,Diogo Hasse FERREIRA,CONTRACT_END,2026-09-14,DAX,2027,
PROD2,Nephi LEATIGAGA,CONTRACT_END,2026-09-14,DAX,2027,
PROD2,Louis BARRÈRE,CONTRACT_END,2026-09-14,DAX,2027,
PROD2,Alexandre MANUKULA,CONTRACT_END,2026-09-14,DAX,2027,
PROD2,Charlie MATTHEWS,CONTRACT_END,2026-09-14,DAX,,
PROD2,Etienne LOIRET,CONTRACT_END,2026-09-14,DAX,2027,
PROD2,Jean-Baptiste SINGER,CONTRACT_END,2026-09-14,DAX,2027,
PROD2,Ratu NACIKA,CONTRACT_END,2026-09-14,DAX,2027,
PROD2,Arnaud ALETTI,CONTRACT_END,2026-09-14,DAX,2027,
PROD2,Ben SA'U,CONTRACT_END,2026-09-14,DAX,,
PROD2,Brice FERRER,CONTRACT_END,2026-09-14,DAX,2027,
PROD2,Jean-Baptiste BARRÈRE,CONTRACT_END,2026-09-14,DAX,2027,
PROD2,Sam WASLEY,CONTRACT_END,2026-09-14,DAX,2027,
PROD2,Paul RAVIER,CONTRACT_END,2026-09-14,DAX,2027,
PROD2,Sylvère RÉTEAU,CONTRACT_END,2026-09-14,DAX,2027,
PROD2,Hugo CERISIER,CONTRACT_END,2026-09-14,DAX,2027,
PROD2,Bastien DAGUERRE,CONTRACT_END,2026-09-14,DAX,2027,
PROD2,Benjamin PUNTOUS,CONTRACT_END,2026-09-14,DAX,2027,
PROD2,Hugo FOURQUET,CONTRACT_END,2026-09-14,DAX,2027,
PROD2,Jope NASEARA,CONTRACT_END,2026-09-14,DAX,2027,
PROD2,Maxime OLTMANN,CONTRACT_END,2026-09-14,DAX,2027,
PROD2,Théo GATELIER,CONTRACT_END,2026-09-14,DAX,2027,
PROD2,Loris LARTIGAU,CONTRACT_END,2026-09-14,DAX,,
PROD2,Mathys VIGEON,CONTRACT_END,2026-09-14,DAX,2027,
PROD2,Maxime CASENAVE,CONTRACT_END,2026-09-14,DAX,,
PROD2,Raphaêl LABOILLE,CONTRACT_END,2026-09-14,DAX,,
PROD2,Aubin CAZAUBON,CONTRACT_END,2026-09-14,DAX,,
PROD2,Leonardo DERUGNA,CONTRACT_END,2026-09-14,DAX,,
PROD2,Patxi GONY,CONTRACT_END,2026-09-14,DAX,,
PROD2,Taïno ANDREBE,CONTRACT_END,2026-09-14,DAX,,
PROD2,Arthur IUNG,CONTRACT_END,2026-09-14,DAX,,
PROD2,Evan CHATELAIN,CONTRACT_END,2026-09-14,DAX,,
PROD2,Julien LAVERAN,CONTRACT_END,2026-09-14,DAX,,
PROD2,Logan DUBOIS,CONTRACT_END,2026-09-14,DAX,,
PROD2,Matéo LACROIX,CONTRACT_END,2026-09-14,DAX,,
PROD2,Matthias DUFFO,CONTRACT_END,2026-09-14,DAX,,
PROD2,Hugo ETCHEBARNE,CONTRACT_END,2026-09-14,DAX,,
PROD2,Martin BONHOURE,CONTRACT_END,2026-09-14,DAX,,
PROD2,Mathys PARDIES,CONTRACT_END,2026-09-14,DAX,2027,
PROD2,Jekope SOVAU,CONTRACT_END,2026-09-14,DAX,2027,
PROD2,Julien AGUER,CONTRACT_END,2026-09-14,DAX,,
PROD2,Matys COURTADE,CONTRACT_END,2026-09-14,DAX,,
PROD2,Ronan FAVRAU,CONTRACT_END,2026-09-14,DAX,,
PROD2,Lucas COURTADE,CONTRACT_END,2026-09-14,DAX,,
PROD2,Naïm BEN ALLA,CONTRACT_END,2026-09-14,DAX,2027,
PROD2,Julian FOURCAUD,CONTRACT_END,2026-09-14,DAX,,
PROD2,Charlesty BERGUET,CONTRACT_END,2026-09-14,NAR,,
PROD2,Facundo POMPONIO,CONTRACT_END,2026-09-14,NAR,,
PROD2,Loïc VARENNE,CONTRACT_END,2026-09-14,NAR,,
PROD2,Mattéo LALANNE,CONTRACT_END,2026-09-14,NAR,2027,
PROD2,Thomas CRÉTU,CONTRACT_END,2026-09-14,NAR,,
PROD2,Dan JOOSTE,CONTRACT_END,2026-09-14,NAR,2027,
PROD2,Gabriel ATLAN,CONTRACT_END,2026-09-14,NAR,,
PROD2,Stefan BURUIANA,CONTRACT_END,2026-09-14,NAR,,
PROD2,Clément BITZ,CONTRACT_END,2026-09-14,NAR,,
PROD2,Louis DESCOUX,CONTRACT_END,2026-09-14,NAR,2027,
PROD2,Simon HUCHET,CONTRACT_END,2026-09-14,NAR,,
PROD2,Chlayton FRANS,CONTRACT_END,2026-09-14,NAR,,
PROD2,Édouard RICHER,CONTRACT_END,2026-09-14,NAR,,
PROD2,Jeff GOUFAN,CONTRACT_END,2026-09-14,NAR,,
PROD2,Loan LAVERGNE,CONTRACT_END,2026-09-14,NAR,,
PROD2,Naël SOUID,CONTRACT_END,2026-09-14,NAR,,
PROD2,Cameron WRIGHT,CONTRACT_END,2026-09-14,NAR,2027,
PROD2,Pablo BARBASTE,CONTRACT_END,2026-09-14,NAR,,
PROD2,Hugo GOYENECH,CONTRACT_END,2026-09-14,NAR,,
PROD2,Lubabalo DOBELA,CONTRACT_END,2026-09-14,NAR,,
PROD2,Apisai NAQALEVU,CONTRACT_END,2026-09-14,NAR,2027,
PROD2,Hugo NAVIZET,CONTRACT_END,2026-09-14,NAR,,
PROD2,Morrison MABOPE,CONTRACT_END,2026-09-14,NAR,,
PROD2,Aphiwe DYANTYI,CONTRACT_END,2026-09-14,NAR,2027,
PROD2,Axel BÉVIA,CONTRACT_END,2026-09-14,NAR,2027,
PROD2,Clément CLAVIÈRES,CONTRACT_END,2026-09-14,NAR,2027,
PROD2,Victor HANNOUN,CONTRACT_END,2026-09-14,NAR,,
PROD2,Hugo CLAUZEL,CONTRACT_END,2026-09-14,NAR,,
PROD2,Thibault SANTORO,CONTRACT_END,2026-09-14,NAR,,
PROD2,Leny ANTOINE,CONTRACT_END,2026-09-14,NAR,,
PROD2,Thomas BARRIENTOS,CONTRACT_END,2026-09-14,NAR,,
PROD2,Berdan FILIZ,CONTRACT_END,2026-09-14,NAR,,
PROD2,Mattéo FAINTRENIE,CONTRACT_END,2026-09-14,NAR,2027,
PROD2,Baptiste LEROY,CONTRACT_END,2026-09-14,NAR,,
PROD2,Nicolas BERMEJO,CONTRACT_END,2026-09-14,NAR,,
PROD2,Nil ROLANDO,CONTRACT_END,2026-09-14,NAR,,
PROD2,Raphaël LAVASELÉ,CONTRACT_END,2026-09-14,NAR,,
PROD2,Gabin MARAIS,CONTRACT_END,2026-09-14,NAR,,
PROD2,Théo BÉVIA,CONTRACT_END,2026-09-14,NAR,,
PROD2,Férréol ISSARNI,CONTRACT_END,2026-09-14,NAR,,
PROD2,Maxime SOUNAC,CONTRACT_END,2026-09-14,NAR,,
PROD2,Titoan ROUVELET,CONTRACT_END,2026-09-14,NAR,,
PROD2,Esteban MORVAN,CONTRACT_END,2026-09-14,NAR,,
PROD2,Evann SANS,CONTRACT_END,2026-09-14,NAR,,
PROD2,Gabin PIPY,CONTRACT_END,2026-09-14,NAR,,
PROD2,Kylian DESTARAC,CONTRACT_END,2026-09-14,NAR,,
PROD2,Irakli MTCHEDLIDZE,CONTRACT_END,2026-09-14,AUR,2027,
PROD2,Mirian BURDULI,CONTRACT_END,2026-09-14,AUR,2027,
PROD2,Robbie RODGERS,CONTRACT_END,2026-09-14,AUR,2027,
PROD2,Ronan LOUGHNANE,CONTRACT_END,2026-09-14,AUR,2027,
PROD2,Skip JONGEJAN,CONTRACT_END,2026-09-14,AUR,,
PROD2,Aleksandre BURDULI,CONTRACT_END,2026-09-14,AUR,2027,
PROD2,Eoghan MASTERSON,CONTRACT_END,2026-09-14,AUR,2027,
PROD2,Lucas DELORT,CONTRACT_END,2026-09-14,AUR,2027,
PROD2,Viliami TAULANI,CONTRACT_END,2026-09-14,AUR,2027,
PROD2,François VERGNAUD,CONTRACT_END,2026-09-14,AUR,2027,
PROD2,Juun PIETERS,CONTRACT_END,2026-09-14,AUR,2027,
PROD2,Ofa MANUOFETOA,CONTRACT_END,2026-09-14,AUR,2027,
PROD2,Ben O'DONNELL,CONTRACT_END,2026-09-14,AUR,2027,
PROD2,Simeli YABAKI,CONTRACT_END,2026-09-14,AUR,2027,
PROD2,Jake STRACHAN,CONTRACT_END,2026-09-14,AUR,2027,
PROD2,Damian SPENCE,CONTRACT_END,2026-09-14,AUR,,
PROD2,Gabriel RAZMADZE,CONTRACT_END,2026-09-14,AUR,,
PROD2,Nikoloz BALANCHIVADZE,CONTRACT_END,2026-09-14,AUR,2027,
PROD2,Nikoloz KUMARITOVI,CONTRACT_END,2026-09-14,AUR,,
PROD2,Onise IOSELIANI,CONTRACT_END,2026-09-14,AUR,,
PROD2,Rémi MONTBOISSE,CONTRACT_END,2026-09-14,AUR,,
PROD2,Fin RONNIE,CONTRACT_END,2026-09-14,AUR,,
PROD2,Martin SKOP,CONTRACT_END,2026-09-14,AUR,,
PROD2,Rory GAVIN,CONTRACT_END,2026-09-14,AUR,,
PROD2,Bill HAYES,CONTRACT_END,2026-09-14,AUR,,
PROD2,Jonathan RYAN,CONTRACT_END,2026-09-14,AUR,,
PROD2,Mathieu BOURGEOIS,CONTRACT_END,2026-09-14,AUR,,
PROD2,Mattéo BAKIS,CONTRACT_END,2026-09-14,AUR,,
PROD2,Benjamin RUDDICK,CONTRACT_END,2026-09-14,AUR,,
PROD2,Somto MONYE,CONTRACT_END,2026-09-14,AUR,,
PROD2,Noé BRUNE,CONTRACT_END,2026-09-14,AUR,2027,
PROD2,Retagan VAN ROOI,CONTRACT_END,2026-09-14,AUR,,
PROD2,Antonin BIKAI-COMBE,CONTRACT_END,2026-09-14,AUR,,
PROD2,Enzo AURIAC,CONTRACT_END,2026-09-14,AUR,,
PROD2,Karsen TALALUA,CONTRACT_END,2026-09-14,AUR,2027,
PROD2,Yan PAPON,CONTRACT_END,2026-09-14,AUR,,
PROD2,Allan MALAMA-TALATAINA,CONTRACT_END,2026-09-14,AUR,2027,
PROD2,Milo PASTOR,CONTRACT_END,2026-09-14,AUR,,
PROD2,Angus STANIFORTH,CONTRACT_END,2026-09-14,AUR,,
PROD2,Joris CONDAMINE,CONTRACT_END,2026-09-14,AUR,,
PROD2,Sifa AMONE,LEAVE,2026-09-14,MTB,,
PROD2,Léo AOUF,CONTRACT_END,2026-09-14,MTB,2027,
PROD2,Lucas SEYROLLE,CONTRACT_END,2026-09-14,MTB,2027,
PROD2,Lucio SORDONI,CONTRACT_END,2026-09-14,MTB,2027,
PROD2,Nugzar SOMKHISHVILI,CONTRACT_END,2026-09-14,MTB,2027,
PROD2,Kévin FIRMIN,CONTRACT_END,2026-09-14,MTB,2027,
PROD2,Ru-Hann GREYLING,CONTRACT_END,2026-09-14,MTB,2027,
PROD2,Lewis BEAN,CONTRACT_END,2026-09-14,MTB,2027,
PROD2,Fred QUERCY,CONTRACT_END,2026-09-14,MTB,2027,
PROD2,Karl WILKINS,CONTRACT_END,2026-09-14,MTB,2027,
PROD2,Nafi MA'AFU,CONTRACT_END,2026-09-14,MTB,2027,
PROD2,Noa KANIKA,CONTRACT_END,2026-09-14,MTB,2027,
PROD2,Tyrone VIIGA,CONTRACT_END,2026-09-14,MTB,2027,
PROD2,Vaea FIFITA,CONTRACT_END,2026-09-14,MTB,2027,
PROD2,Hugo ZABALZA,CONTRACT_END,2026-09-14,MTB,2027,
PROD2,Jack MAUNDER,CONTRACT_END,2026-09-14,MTB,,
PROD2,Joe POWELL,CONTRACT_END,2026-09-14,MTB,2027,
PROD2,Enzo HERVÉ,CONTRACT_END,2026-09-14,MTB,2027,
PROD2,Romain FONNICOLA,CONTRACT_END,2026-09-14,MTB,2027,
PROD2,Stéphane AHMED,CONTRACT_END,2026-09-14,MTB,2027,
PROD2,Yvan REILHAC,CONTRACT_END,2026-09-14,MTB,2027,
PROD2,Jordan BURET,CONTRACT_END,2026-09-14,MTB,,
PROD2,Levan EZIESHVILI,CONTRACT_END,2026-09-14,MTB,,
PROD2,Esteban FAULONG,CONTRACT_END,2026-09-14,MTB,,
PROD2,Maixent DA COSTA,CONTRACT_END,2026-09-14,MTB,,
PROD2,Thomas OURLIAC,CONTRACT_END,2026-09-14,MTB,,
PROD2,Rémi DEVIS,CONTRACT_END,2026-09-14,MTB,,
PROD2,Youssouf SOUCOUNA,CONTRACT_END,2026-09-14,MTB,2027,
PROD2,Charlie FENTON,CONTRACT_END,2026-09-14,MTB,,
PROD2,Jules BOUSQUET,CONTRACT_END,2026-09-14,MTB,,
PROD2,Lucas BONAL-ZELMAR,CONTRACT_END,2026-09-14,MTB,,
PROD2,Noa AURÉJAC,CONTRACT_END,2026-09-14,MTB,,
PROD2,Tevita ROKOSUKA,CONTRACT_END,2026-09-14,MTB,,
PROD2,Amine BOULAGHRIFA,CONTRACT_END,2026-09-14,MTB,,
PROD2,Elliot VANOUDENDYCKE,CONTRACT_END,2026-09-14,MTB,,
PROD2,Maël CASTEL,CONTRACT_END,2026-09-14,MTB,2027,
PROD2,Merlin LEFLAMAND,CONTRACT_END,2026-09-14,MTB,,
PROD2,Asaeli Pacolo GADE,CONTRACT_END,2026-09-14,MTB,,
PROD2,Ezio JULIA,CONTRACT_END,2026-09-14,MTB,,
PROD2,Gabin LETELLIER,CONTRACT_END,2026-09-14,MTB,,
PROD2,Jules FRANCONE,CONTRACT_END,2026-09-14,MTB,,
PROD2,Ismaël TIGHILT-LEFEBVRE,CONTRACT_END,2026-09-14,MTB,2027,
PROD2,Jean SEUX,CONTRACT_END,2026-09-14,MTB,2027,
PROD2,Anthony ALÉO,CONTRACT_END,2026-09-14,VAL,2027,
PROD2,Esteban CHOUTEAU,CONTRACT_END,2026-09-14,VAL,2027,
PROD2,Gareth MILASINOVICH,CONTRACT_END,2026-09-14,VAL,2027,
PROD2,Tom ROSS,CONTRACT_END,2026-09-14,VAL,2027,
PROD2,Issam HAMEL,CONTRACT_END,2026-09-14,VAL,2027,
PROD2,Florian GOUMAT,CONTRACT_END,2026-09-14,VAL,2027,
PROD2,Hugo FABRÈGUE,CONTRACT_END,2026-09-14,VAL,2027,
PROD2,Ryan MCCAULEY,CONTRACT_END,2026-09-14,VAL,2027,
PROD2,Axel BRUCHET,CONTRACT_END,2026-09-14,VAL,,
PROD2,Izaiha MOORE-AIONO,CONTRACT_END,2026-09-14,VAL,2027,
PROD2,Loan RÉAL,CONTRACT_END,2026-09-14,VAL,2027,
PROD2,Louis SUAUD,CONTRACT_END,2026-09-14,VAL,2027,
PROD2,Matthieu VACHON,CONTRACT_END,2026-09-14,VAL,2027,
PROD2,Thembelani BHOLI,CONTRACT_END,2026-09-14,VAL,2027,
PROD2,Thomas LHUSÉRO,CONTRACT_END,2026-09-14,VAL,2027,
PROD2,Anatole PAUVERT,CONTRACT_END,2026-09-14,VAL,2027,
PROD2,Louis MARROU,CONTRACT_END,2026-09-14,VAL,2027,
PROD2,Calum RANDLE,CONTRACT_END,2026-09-14,VAL,2027,
PROD2,Osea WAQANINAVATU,CONTRACT_END,2026-09-14,VAL,2027,
PROD2,Thomas ROZIÈRE,CONTRACT_END,2026-09-14,VAL,2027,
PROD2,Joris MOURA,CONTRACT_END,2026-09-14,VAL,2027,
PROD2,Baptiste POUPET,CONTRACT_END,2026-09-14,VAL,,
PROD2,Ruan VAN WYK,CONTRACT_END,2026-09-14,VAL,,
PROD2,Talat SAHIN,CONTRACT_END,2026-09-14,VAL,2027,
PROD2,Tilyan RICHARD,CONTRACT_END,2026-09-14,VAL,,
PROD2,Matt ARNAUD,CONTRACT_END,2026-09-14,VAL,,
PROD2,Tom NUBLAT,CONTRACT_END,2026-09-14,VAL,,
PROD2,Hadrien BAYNAUD,CONTRACT_END,2026-09-14,VAL,,
PROD2,Ousmane BOMOU,CONTRACT_END,2026-09-14,VAL,,
PROD2,Roméo NABOYEV,CONTRACT_END,2026-09-14,VAL,,
PROD2,Bastien JULLIEN,CONTRACT_END,2026-09-14,VAL,,
PROD2,Ruben CHOPARD,CONTRACT_END,2026-09-14,VAL,,
PROD2,Paulin MOURELON,CONTRACT_END,2026-09-14,VAL,,
PROD2,Alix PIPISEGA,CONTRACT_END,2026-09-14,VAL,,
PROD2,Jean BALLIN,CONTRACT_END,2026-09-14,VAL,2027,
PROD2,Mateus LIBÓRIO,CONTRACT_END,2026-09-14,VAL,,
PROD2,Yoni REBBOAH,CONTRACT_END,2026-09-14,VAL,,
PROD2,Adrian BUKOVC,CONTRACT_END,2026-09-14,VAL,,
PROD2,Jocelyn DEBRICON,CONTRACT_END,2026-09-14,VAL,,
